text,label,category
Sizning Kapitalbank kartangiz orqali shubhali tranzaksiya amalga oshirildi. Bekor qilish uchun bosing: https://bank-uz.com?id=0,scam,suspicious_transaction
Sizning Uzcard kartangiz orqali shubhali tranzaksiya amalga oshirildi. Bekor qilish uchun bosing: https://bank-uz.com?id=1,scam,suspicious_transaction
Sizning Xalq Banki kartangiz orqali shubhali tranzaksiya amalga oshirildi. Bekor qilish uchun bosing: http://security-uz.com/alert?id=2,scam,suspicious_transaction
Sizning HUMO kartangiz orqali shubhali tranzaksiya amalga oshirildi. Bekor qilish uchun bosing: http://tasdiq-bank.uz/sms?id=3,scam,suspicious_transaction
Sizning HUMO kartangiz orqali shubhali tranzaksiya amalga oshirildi. Bekor qilish uchun bosing: http://tasdiq-bank.uz/sms?id=4,scam,suspicious_transaction
Sizning Uzcard kartangiz orqali shubhali tranzaksiya amalga oshirildi. Bekor qilish uchun bosing: https://bank-uz.com?id=5,scam,suspicious_transaction
Sizning Agrobank kartangiz orqali shubhali tranzaksiya amalga oshirildi. Bekor qilish uchun bosing: http://tasdiq-bank.uz/sms?id=6,scam,suspicious_transaction
Sizning NBU kartangiz orqali shubhali tranzaksiya amalga oshirildi. Bekor qilish uchun bosing: http://tasdiq-bank.uz/sms?id=7,scam,suspicious_transaction
Sizning HUMO kartangiz orqali shubhali tranzaksiya amalga oshirildi. Bekor qilish uchun bosing: http://security-uz.com/alert?id=8,scam,suspicious_transaction
Sizning Kapitalbank kartangiz orqali shubhali tranzaksiya amalga oshirildi. Bekor qilish uchun bosing: http://tasdiq-bank.uz/sms?id=9,scam,suspicious_transaction
Sizning Kapitalbank kartangiz orqali shubhali tranzaksiya amalga oshirildi. Bekor qilish uchun bosing: https://bank-uz.com?id=10,scam,suspicious_transaction
Sizning Agrobank kartangiz orqali shubhali tranzaksiya amalga oshirildi. Bekor qilish uchun bosing: https://bank-uz.com?id=11,scam,suspicious_transaction
Sizning NBU kartangiz orqali shubhali tranzaksiya amalga oshirildi. Bekor qilish uchun bosing: bit.ly/bank-auth?id=12,scam,suspicious_transaction
Sizning Agrobank kartangiz orqali shubhali tranzaksiya amalga oshirildi. Bekor qilish uchun bosing: https://bank-uz.com?id=13,scam,suspicious_transaction
Sizning NBU kartangiz orqali shubhali tranzaksiya amalga oshirildi. Bekor qilish uchun bosing: bit.ly/bank-auth?id=14,scam,suspicious_transaction
Sizning Agrobank kartangiz orqali shubhali tranzaksiya amalga oshirildi. Bekor qilish uchun bosing: bit.ly/bank-auth?id=15,scam,suspicious_transaction
Sizning Kapitalbank kartangiz orqali shubhali tranzaksiya amalga oshirildi. Bekor qilish uchun bosing: https://bank-uz.com?id=16,scam,suspicious_transaction
Sizning NBU kartangiz orqali shubhali tranzaksiya amalga oshirildi. Bekor qilish uchun bosing: http://security-uz.com/alert?id=17,scam,suspicious_transaction
Sizning Agrobank kartangiz orqali shubhali tranzaksiya amalga oshirildi. Bekor qilish uchun bosing: http://security-uz.com/alert?id=18,scam,suspicious_transaction
Sizning HUMO kartangiz orqali shubhali tranzaksiya amalga oshirildi. Bekor qilish uchun bosing: bit.ly/bank-auth?id=19,scam,suspicious_transaction
Sizning Uzcard kartangiz orqali shubhali tranzaksiya amalga oshirildi. Bekor qilish uchun bosing: bit.ly/bank-auth?id=20,scam,suspicious_transaction
Sizning Uzcard kartangiz orqali shubhali tranzaksiya amalga oshirildi. Bekor qilish uchun bosing: bit.ly/bank-auth?id=21,scam,suspicious_transaction
Sizning NBU kartangiz orqali shubhali tranzaksiya amalga oshirildi. Bekor qilish uchun bosing: http://tasdiq-bank.uz/sms?id=22,scam,suspicious_transaction
Sizning Xalq Banki kartangiz orqali shubhali tranzaksiya amalga oshirildi. Bekor qilish uchun bosing: http://tasdiq-bank.uz/sms?id=23,scam,suspicious_transaction
Sizning Xalq Banki kartangiz orqali shubhali tranzaksiya amalga oshirildi. Bekor qilish uchun bosing: http://security-uz.com/alert?id=24,scam,suspicious_transaction
Sizning HUMO kartangiz orqali shubhali tranzaksiya amalga oshirildi. Bekor qilish uchun bosing: http://tasdiq-bank.uz/sms?id=25,scam,suspicious_transaction
Sizning HUMO kartangiz orqali shubhali tranzaksiya amalga oshirildi. Bekor qilish uchun bosing: bit.ly/bank-auth?id=26,scam,suspicious_transaction
Sizning Agrobank kartangiz orqali shubhali tranzaksiya amalga oshirildi. Bekor qilish uchun bosing: https://bank-uz.com?id=27,scam,suspicious_transaction
Sizning Kapitalbank kartangiz orqali shubhali tranzaksiya amalga oshirildi. Bekor qilish uchun bosing: http://tasdiq-bank.uz/sms?id=28,scam,suspicious_transaction
Sizning Xalq Banki kartangiz orqali shubhali tranzaksiya amalga oshirildi. Bekor qilish uchun bosing: bit.ly/bank-auth?id=29,scam,suspicious_transaction
Sizning Xalq Banki kartangiz orqali shubhali tranzaksiya amalga oshirildi. Bekor qilish uchun bosing: http://security-uz.com/alert?id=30,scam,suspicious_transaction
Sizning NBU kartangiz orqali shubhali tranzaksiya amalga oshirildi. Bekor qilish uchun bosing: bit.ly/bank-auth?id=31,scam,suspicious_transaction
Sizning Kapitalbank kartangiz orqali shubhali tranzaksiya amalga oshirildi. Bekor qilish uchun bosing: http://security-uz.com/alert?id=32,scam,suspicious_transaction
Sizning HUMO kartangiz orqali shubhali tranzaksiya amalga oshirildi. Bekor qilish uchun bosing: https://bank-uz.com?id=33,scam,suspicious_transaction
Sizning HUMO kartangiz orqali shubhali tranzaksiya amalga oshirildi. Bekor qilish uchun bosing: http://tasdiq-bank.uz/sms?id=34,scam,suspicious_transaction
Sizning Agrobank kartangiz orqali shubhali tranzaksiya amalga oshirildi. Bekor qilish uchun bosing: http://security-uz.com/alert?id=35,scam,suspicious_transaction
Sizning HUMO kartangiz orqali shubhali tranzaksiya amalga oshirildi. Bekor qilish uchun bosing: bit.ly/bank-auth?id=36,scam,suspicious_transaction
Sizning NBU kartangiz orqali shubhali tranzaksiya amalga oshirildi. Bekor qilish uchun bosing: bit.ly/bank-auth?id=37,scam,suspicious_transaction
Sizning NBU kartangiz orqali shubhali tranzaksiya amalga oshirildi. Bekor qilish uchun bosing: http://security-uz.com/alert?id=38,scam,suspicious_transaction
Sizning Xalq Banki kartangiz orqali shubhali tranzaksiya amalga oshirildi. Bekor qilish uchun bosing: http://tasdiq-bank.uz/sms?id=39,scam,suspicious_transaction
Sizning Agrobank kartangiz orqali shubhali tranzaksiya amalga oshirildi. Bekor qilish uchun bosing: http://security-uz.com/alert?id=40,scam,suspicious_transaction
Sizning Uzcard kartangiz orqali shubhali tranzaksiya amalga oshirildi. Bekor qilish uchun bosing: http://security-uz.com/alert?id=41,scam,suspicious_transaction
Sizning Kapitalbank kartangiz orqali shubhali tranzaksiya amalga oshirildi. Bekor qilish uchun bosing: https://bank-uz.com?id=42,scam,suspicious_transaction
Sizning Xalq Banki kartangiz orqali shubhali tranzaksiya amalga oshirildi. Bekor qilish uchun bosing: https://bank-uz.com?id=43,scam,suspicious_transaction
Sizning HUMO kartangiz orqali shubhali tranzaksiya amalga oshirildi. Bekor qilish uchun bosing: http://security-uz.com/alert?id=44,scam,suspicious_transaction
Sizning HUMO kartangiz orqali shubhali tranzaksiya amalga oshirildi. Bekor qilish uchun bosing: bit.ly/bank-auth?id=45,scam,suspicious_transaction
Sizning Xalq Banki kartangiz orqali shubhali tranzaksiya amalga oshirildi. Bekor qilish uchun bosing: http://tasdiq-bank.uz/sms?id=46,scam,suspicious_transaction
Sizning NBU kartangiz orqali shubhali tranzaksiya amalga oshirildi. Bekor qilish uchun bosing: http://tasdiq-bank.uz/sms?id=47,scam,suspicious_transaction
Sizning Uzcard kartangiz orqali shubhali tranzaksiya amalga oshirildi. Bekor qilish uchun bosing: https://bank-uz.com?id=48,scam,suspicious_transaction
Sizning Agrobank kartangiz orqali shubhali tranzaksiya amalga oshirildi. Bekor qilish uchun bosing: https://bank-uz.com?id=49,scam,suspicious_transaction
Hisobingizdan 50000 so'm yechib olindi (Kod: 898). Agar bu siz bo'lmasangiz darhol tasdiqlang: bit.ly/refund-uz/0,scam,money_withdrawal
Hisobingizdan 980000 so'm yechib olindi (Kod: 117). Agar bu siz bo'lmasangiz darhol tasdiqlang: bit.ly/refund-uz/1,scam,money_withdrawal
Hisobingizdan 50000 so'm yechib olindi (Kod: 537). Agar bu siz bo'lmasangiz darhol tasdiqlang: http://bekor-uz.com/2,scam,money_withdrawal
Hisobingizdan 980000 so'm yechib olindi (Kod: 833). Agar bu siz bo'lmasangiz darhol tasdiqlang: http://bekor-uz.com/3,scam,money_withdrawal
Hisobingizdan 420000 so'm yechib olindi (Kod: 578). Agar bu siz bo'lmasangiz darhol tasdiqlang: https://uz-bank-cancel.com/verify/4,scam,money_withdrawal
Hisobingizdan 1500000 so'm yechib olindi (Kod: 228). Agar bu siz bo'lmasangiz darhol tasdiqlang: bit.ly/refund-uz/5,scam,money_withdrawal
Hisobingizdan 3200000 so'm yechib olindi (Kod: 904). Agar bu siz bo'lmasangiz darhol tasdiqlang: http://bekor-uz.com/6,scam,money_withdrawal
Hisobingizdan 1500000 so'm yechib olindi (Kod: 280). Agar bu siz bo'lmasangiz darhol tasdiqlang: bit.ly/refund-uz/7,scam,money_withdrawal
Hisobingizdan 980000 so'm yechib olindi (Kod: 312). Agar bu siz bo'lmasangiz darhol tasdiqlang: http://bekor-uz.com/8,scam,money_withdrawal
Hisobingizdan 420000 so'm yechib olindi (Kod: 789). Agar bu siz bo'lmasangiz darhol tasdiqlang: https://uz-bank-cancel.com/verify/9,scam,money_withdrawal
Hisobingizdan 1500000 so'm yechib olindi (Kod: 690). Agar bu siz bo'lmasangiz darhol tasdiqlang: https://uz-bank-cancel.com/verify/10,scam,money_withdrawal
Hisobingizdan 420000 so'm yechib olindi (Kod: 520). Agar bu siz bo'lmasangiz darhol tasdiqlang: https://uz-bank-cancel.com/verify/11,scam,money_withdrawal
Hisobingizdan 420000 so'm yechib olindi (Kod: 667). Agar bu siz bo'lmasangiz darhol tasdiqlang: https://uz-bank-cancel.com/verify/12,scam,money_withdrawal
Hisobingizdan 50000 so'm yechib olindi (Kod: 703). Agar bu siz bo'lmasangiz darhol tasdiqlang: http://bekor-uz.com/13,scam,money_withdrawal
Hisobingizdan 1500000 so'm yechib olindi (Kod: 504). Agar bu siz bo'lmasangiz darhol tasdiqlang: bit.ly/refund-uz/14,scam,money_withdrawal
Hisobingizdan 980000 so'm yechib olindi (Kod: 802). Agar bu siz bo'lmasangiz darhol tasdiqlang: http://bekor-uz.com/15,scam,money_withdrawal
Hisobingizdan 3200000 so'm yechib olindi (Kod: 430). Agar bu siz bo'lmasangiz darhol tasdiqlang: bit.ly/refund-uz/16,scam,money_withdrawal
Hisobingizdan 980000 so'm yechib olindi (Kod: 403). Agar bu siz bo'lmasangiz darhol tasdiqlang: http://bekor-uz.com/17,scam,money_withdrawal
Hisobingizdan 420000 so'm yechib olindi (Kod: 363). Agar bu siz bo'lmasangiz darhol tasdiqlang: bit.ly/refund-uz/18,scam,money_withdrawal
Hisobingizdan 980000 so'm yechib olindi (Kod: 298). Agar bu siz bo'lmasangiz darhol tasdiqlang: https://uz-bank-cancel.com/verify/19,scam,money_withdrawal
Hisobingizdan 420000 so'm yechib olindi (Kod: 735). Agar bu siz bo'lmasangiz darhol tasdiqlang: https://uz-bank-cancel.com/verify/20,scam,money_withdrawal
Hisobingizdan 980000 so'm yechib olindi (Kod: 567). Agar bu siz bo'lmasangiz darhol tasdiqlang: http://bekor-uz.com/21,scam,money_withdrawal
Hisobingizdan 3200000 so'm yechib olindi (Kod: 876). Agar bu siz bo'lmasangiz darhol tasdiqlang: https://uz-bank-cancel.com/verify/22,scam,money_withdrawal
Hisobingizdan 50000 so'm yechib olindi (Kod: 549). Agar bu siz bo'lmasangiz darhol tasdiqlang: http://bekor-uz.com/23,scam,money_withdrawal
Hisobingizdan 980000 so'm yechib olindi (Kod: 876). Agar bu siz bo'lmasangiz darhol tasdiqlang: bit.ly/refund-uz/24,scam,money_withdrawal
Hisobingizdan 420000 so'm yechib olindi (Kod: 649). Agar bu siz bo'lmasangiz darhol tasdiqlang: http://bekor-uz.com/25,scam,money_withdrawal
Hisobingizdan 3200000 so'm yechib olindi (Kod: 284). Agar bu siz bo'lmasangiz darhol tasdiqlang: https://uz-bank-cancel.com/verify/26,scam,money_withdrawal
Hisobingizdan 50000 so'm yechib olindi (Kod: 879). Agar bu siz bo'lmasangiz darhol tasdiqlang: bit.ly/refund-uz/27,scam,money_withdrawal
Hisobingizdan 1500000 so'm yechib olindi (Kod: 794). Agar bu siz bo'lmasangiz darhol tasdiqlang: https://uz-bank-cancel.com/verify/28,scam,money_withdrawal
Hisobingizdan 3200000 so'm yechib olindi (Kod: 128). Agar bu siz bo'lmasangiz darhol tasdiqlang: https://uz-bank-cancel.com/verify/29,scam,money_withdrawal
Hisobingizdan 980000 so'm yechib olindi (Kod: 199). Agar bu siz bo'lmasangiz darhol tasdiqlang: https://uz-bank-cancel.com/verify/30,scam,money_withdrawal
Hisobingizdan 50000 so'm yechib olindi (Kod: 582). Agar bu siz bo'lmasangiz darhol tasdiqlang: https://uz-bank-cancel.com/verify/31,scam,money_withdrawal
Hisobingizdan 50000 so'm yechib olindi (Kod: 652). Agar bu siz bo'lmasangiz darhol tasdiqlang: https://uz-bank-cancel.com/verify/32,scam,money_withdrawal
Hisobingizdan 980000 so'm yechib olindi (Kod: 588). Agar bu siz bo'lmasangiz darhol tasdiqlang: bit.ly/refund-uz/33,scam,money_withdrawal
Hisobingizdan 50000 so'm yechib olindi (Kod: 143). Agar bu siz bo'lmasangiz darhol tasdiqlang: http://bekor-uz.com/34,scam,money_withdrawal
Hisobingizdan 1500000 so'm yechib olindi (Kod: 192). Agar bu siz bo'lmasangiz darhol tasdiqlang: http://bekor-uz.com/35,scam,money_withdrawal
Hisobingizdan 50000 so'm yechib olindi (Kod: 253). Agar bu siz bo'lmasangiz darhol tasdiqlang: bit.ly/refund-uz/36,scam,money_withdrawal
Hisobingizdan 3200000 so'm yechib olindi (Kod: 653). Agar bu siz bo'lmasangiz darhol tasdiqlang: bit.ly/refund-uz/37,scam,money_withdrawal
Hisobingizdan 3200000 so'm yechib olindi (Kod: 797). Agar bu siz bo'lmasangiz darhol tasdiqlang: http://bekor-uz.com/38,scam,money_withdrawal
Hisobingizdan 980000 so'm yechib olindi (Kod: 535). Agar bu siz bo'lmasangiz darhol tasdiqlang: bit.ly/refund-uz/39,scam,money_withdrawal
Hisobingizdan 50000 so'm yechib olindi (Kod: 520). Agar bu siz bo'lmasangiz darhol tasdiqlang: https://uz-bank-cancel.com/verify/40,scam,money_withdrawal
Hisobingizdan 1500000 so'm yechib olindi (Kod: 758). Agar bu siz bo'lmasangiz darhol tasdiqlang: bit.ly/refund-uz/41,scam,money_withdrawal
Hisobingizdan 980000 so'm yechib olindi (Kod: 784). Agar bu siz bo'lmasangiz darhol tasdiqlang: http://bekor-uz.com/42,scam,money_withdrawal
Hisobingizdan 50000 so'm yechib olindi (Kod: 479). Agar bu siz bo'lmasangiz darhol tasdiqlang: https://uz-bank-cancel.com/verify/43,scam,money_withdrawal
Hisobingizdan 1500000 so'm yechib olindi (Kod: 816). Agar bu siz bo'lmasangiz darhol tasdiqlang: http://bekor-uz.com/44,scam,money_withdrawal
Hisobingizdan 1500000 so'm yechib olindi (Kod: 591). Agar bu siz bo'lmasangiz darhol tasdiqlang: https://uz-bank-cancel.com/verify/45,scam,money_withdrawal
Hisobingizdan 1500000 so'm yechib olindi (Kod: 965). Agar bu siz bo'lmasangiz darhol tasdiqlang: http://bekor-uz.com/46,scam,money_withdrawal
Hisobingizdan 50000 so'm yechib olindi (Kod: 700). Agar bu siz bo'lmasangiz darhol tasdiqlang: https://uz-bank-cancel.com/verify/47,scam,money_withdrawal
Hisobingizdan 50000 so'm yechib olindi (Kod: 877). Agar bu siz bo'lmasangiz darhol tasdiqlang: http://bekor-uz.com/48,scam,money_withdrawal
Hisobingizdan 980000 so'm yechib olindi (Kod: 832). Agar bu siz bo'lmasangiz darhol tasdiqlang: https://uz-bank-cancel.com/verify/49,scam,money_withdrawal
"Yangi qurilmadan (iPhone 13, Tashkent) hisobingizga kirish aniqlandi. Xavfsizlik uchun tasdiqlash talab qilinadi: https://profil-tasdiq.com/sms?id=0",scam,unauthorized_login
"Yangi qurilmadan (iPhone 13, Tashkent) hisobingizga kirish aniqlandi. Xavfsizlik uchun tasdiqlash talab qilinadi: http://xavfsizlik.uz/tasdiq?id=1",scam,unauthorized_login
"Yangi qurilmadan (Windows PC, Samarkand) hisobingizga kirish aniqlandi. Xavfsizlik uchun tasdiqlash talab qilinadi: https://profil-tasdiq.com/sms?id=2",scam,unauthorized_login
"Yangi qurilmadan (Redmi Note, Moscow) hisobingizga kirish aniqlandi. Xavfsizlik uchun tasdiqlash talab qilinadi: bit.ly/xavf-uz?id=3",scam,unauthorized_login
"Yangi qurilmadan (iPhone 13, Tashkent) hisobingizga kirish aniqlandi. Xavfsizlik uchun tasdiqlash talab qilinadi: https://profil-tasdiq.com/sms?id=4",scam,unauthorized_login
"Yangi qurilmadan (Windows PC, Tashkent) hisobingizga kirish aniqlandi. Xavfsizlik uchun tasdiqlash talab qilinadi: http://xavfsizlik.uz/tasdiq?id=5",scam,unauthorized_login
"Yangi qurilmadan (MacBook, Samarkand) hisobingizga kirish aniqlandi. Xavfsizlik uchun tasdiqlash talab qilinadi: bit.ly/xavf-uz?id=6",scam,unauthorized_login
"Yangi qurilmadan (Windows PC, Moscow) hisobingizga kirish aniqlandi. Xavfsizlik uchun tasdiqlash talab qilinadi: bit.ly/xavf-uz?id=7",scam,unauthorized_login
"Yangi qurilmadan (Samsung Galaxy, Tashkent) hisobingizga kirish aniqlandi. Xavfsizlik uchun tasdiqlash talab qilinadi: https://profil-tasdiq.com/sms?id=8",scam,unauthorized_login
"Yangi qurilmadan (iPhone 13, Moscow) hisobingizga kirish aniqlandi. Xavfsizlik uchun tasdiqlash talab qilinadi: https://profil-tasdiq.com/sms?id=9",scam,unauthorized_login
"Yangi qurilmadan (Windows PC, Samarkand) hisobingizga kirish aniqlandi. Xavfsizlik uchun tasdiqlash talab qilinadi: http://xavfsizlik.uz/tasdiq?id=10",scam,unauthorized_login
"Yangi qurilmadan (iPhone 13, Samarkand) hisobingizga kirish aniqlandi. Xavfsizlik uchun tasdiqlash talab qilinadi: https://profil-tasdiq.com/sms?id=11",scam,unauthorized_login
"Yangi qurilmadan (MacBook, Samarkand) hisobingizga kirish aniqlandi. Xavfsizlik uchun tasdiqlash talab qilinadi: https://profil-tasdiq.com/sms?id=12",scam,unauthorized_login
"Yangi qurilmadan (MacBook, Almaty) hisobingizga kirish aniqlandi. Xavfsizlik uchun tasdiqlash talab qilinadi: http://xavfsizlik.uz/tasdiq?id=13",scam,unauthorized_login
"Yangi qurilmadan (Samsung Galaxy, Moscow) hisobingizga kirish aniqlandi. Xavfsizlik uchun tasdiqlash talab qilinadi: http://xavfsizlik.uz/tasdiq?id=14",scam,unauthorized_login
"Yangi qurilmadan (Windows PC, Tashkent) hisobingizga kirish aniqlandi. Xavfsizlik uchun tasdiqlash talab qilinadi: http://xavfsizlik.uz/tasdiq?id=15",scam,unauthorized_login
"Yangi qurilmadan (Redmi Note, Samarkand) hisobingizga kirish aniqlandi. Xavfsizlik uchun tasdiqlash talab qilinadi: http://xavfsizlik.uz/tasdiq?id=16",scam,unauthorized_login
"Yangi qurilmadan (MacBook, Moscow) hisobingizga kirish aniqlandi. Xavfsizlik uchun tasdiqlash talab qilinadi: https://profil-tasdiq.com/sms?id=17",scam,unauthorized_login
"Yangi qurilmadan (Redmi Note, Samarkand) hisobingizga kirish aniqlandi. Xavfsizlik uchun tasdiqlash talab qilinadi: https://profil-tasdiq.com/sms?id=18",scam,unauthorized_login
"Yangi qurilmadan (iPhone 13, Moscow) hisobingizga kirish aniqlandi. Xavfsizlik uchun tasdiqlash talab qilinadi: bit.ly/xavf-uz?id=19",scam,unauthorized_login
"Yangi qurilmadan (iPhone 13, Tashkent) hisobingizga kirish aniqlandi. Xavfsizlik uchun tasdiqlash talab qilinadi: bit.ly/xavf-uz?id=20",scam,unauthorized_login
"Yangi qurilmadan (iPhone 13, Almaty) hisobingizga kirish aniqlandi. Xavfsizlik uchun tasdiqlash talab qilinadi: bit.ly/xavf-uz?id=21",scam,unauthorized_login
"Yangi qurilmadan (iPhone 13, Samarkand) hisobingizga kirish aniqlandi. Xavfsizlik uchun tasdiqlash talab qilinadi: https://profil-tasdiq.com/sms?id=22",scam,unauthorized_login
"Yangi qurilmadan (MacBook, Samarkand) hisobingizga kirish aniqlandi. Xavfsizlik uchun tasdiqlash talab qilinadi: bit.ly/xavf-uz?id=23",scam,unauthorized_login
"Yangi qurilmadan (Samsung Galaxy, Samarkand) hisobingizga kirish aniqlandi. Xavfsizlik uchun tasdiqlash talab qilinadi: bit.ly/xavf-uz?id=24",scam,unauthorized_login
"Yangi qurilmadan (Windows PC, Almaty) hisobingizga kirish aniqlandi. Xavfsizlik uchun tasdiqlash talab qilinadi: https://profil-tasdiq.com/sms?id=25",scam,unauthorized_login
"Yangi qurilmadan (iPhone 13, Moscow) hisobingizga kirish aniqlandi. Xavfsizlik uchun tasdiqlash talab qilinadi: http://xavfsizlik.uz/tasdiq?id=26",scam,unauthorized_login
"Yangi qurilmadan (Windows PC, Moscow) hisobingizga kirish aniqlandi. Xavfsizlik uchun tasdiqlash talab qilinadi: https://profil-tasdiq.com/sms?id=27",scam,unauthorized_login
"Yangi qurilmadan (Samsung Galaxy, Almaty) hisobingizga kirish aniqlandi. Xavfsizlik uchun tasdiqlash talab qilinadi: bit.ly/xavf-uz?id=28",scam,unauthorized_login
"Yangi qurilmadan (Samsung Galaxy, Tashkent) hisobingizga kirish aniqlandi. Xavfsizlik uchun tasdiqlash talab qilinadi: http://xavfsizlik.uz/tasdiq?id=29",scam,unauthorized_login
"Yangi qurilmadan (MacBook, Moscow) hisobingizga kirish aniqlandi. Xavfsizlik uchun tasdiqlash talab qilinadi: bit.ly/xavf-uz?id=30",scam,unauthorized_login
"Yangi qurilmadan (MacBook, Samarkand) hisobingizga kirish aniqlandi. Xavfsizlik uchun tasdiqlash talab qilinadi: https://profil-tasdiq.com/sms?id=31",scam,unauthorized_login
"Yangi qurilmadan (MacBook, Moscow) hisobingizga kirish aniqlandi. Xavfsizlik uchun tasdiqlash talab qilinadi: https://profil-tasdiq.com/sms?id=32",scam,unauthorized_login
"Yangi qurilmadan (Windows PC, Samarkand) hisobingizga kirish aniqlandi. Xavfsizlik uchun tasdiqlash talab qilinadi: https://profil-tasdiq.com/sms?id=33",scam,unauthorized_login
"Yangi qurilmadan (MacBook, Tashkent) hisobingizga kirish aniqlandi. Xavfsizlik uchun tasdiqlash talab qilinadi: http://xavfsizlik.uz/tasdiq?id=34",scam,unauthorized_login
"Yangi qurilmadan (Samsung Galaxy, Almaty) hisobingizga kirish aniqlandi. Xavfsizlik uchun tasdiqlash talab qilinadi: http://xavfsizlik.uz/tasdiq?id=35",scam,unauthorized_login
"Yangi qurilmadan (MacBook, Almaty) hisobingizga kirish aniqlandi. Xavfsizlik uchun tasdiqlash talab qilinadi: http://xavfsizlik.uz/tasdiq?id=36",scam,unauthorized_login
"Yangi qurilmadan (iPhone 13, Samarkand) hisobingizga kirish aniqlandi. Xavfsizlik uchun tasdiqlash talab qilinadi: bit.ly/xavf-uz?id=37",scam,unauthorized_login
"Yangi qurilmadan (Windows PC, Samarkand) hisobingizga kirish aniqlandi. Xavfsizlik uchun tasdiqlash talab qilinadi: http://xavfsizlik.uz/tasdiq?id=38",scam,unauthorized_login
"Yangi qurilmadan (Windows PC, Almaty) hisobingizga kirish aniqlandi. Xavfsizlik uchun tasdiqlash talab qilinadi: https://profil-tasdiq.com/sms?id=39",scam,unauthorized_login
"Yangi qurilmadan (Windows PC, Tashkent) hisobingizga kirish aniqlandi. Xavfsizlik uchun tasdiqlash talab qilinadi: http://xavfsizlik.uz/tasdiq?id=40",scam,unauthorized_login
"Yangi qurilmadan (Samsung Galaxy, Moscow) hisobingizga kirish aniqlandi. Xavfsizlik uchun tasdiqlash talab qilinadi: https://profil-tasdiq.com/sms?id=41",scam,unauthorized_login
"Yangi qurilmadan (MacBook, Almaty) hisobingizga kirish aniqlandi. Xavfsizlik uchun tasdiqlash talab qilinadi: bit.ly/xavf-uz?id=42",scam,unauthorized_login
"Yangi qurilmadan (MacBook, Almaty) hisobingizga kirish aniqlandi. Xavfsizlik uchun tasdiqlash talab qilinadi: http://xavfsizlik.uz/tasdiq?id=43",scam,unauthorized_login
"Yangi qurilmadan (Redmi Note, Samarkand) hisobingizga kirish aniqlandi. Xavfsizlik uchun tasdiqlash talab qilinadi: bit.ly/xavf-uz?id=44",scam,unauthorized_login
"Yangi qurilmadan (Windows PC, Almaty) hisobingizga kirish aniqlandi. Xavfsizlik uchun tasdiqlash talab qilinadi: bit.ly/xavf-uz?id=45",scam,unauthorized_login
"Yangi qurilmadan (iPhone 13, Samarkand) hisobingizga kirish aniqlandi. Xavfsizlik uchun tasdiqlash talab qilinadi: http://xavfsizlik.uz/tasdiq?id=46",scam,unauthorized_login
"Yangi qurilmadan (MacBook, Moscow) hisobingizga kirish aniqlandi. Xavfsizlik uchun tasdiqlash talab qilinadi: https://profil-tasdiq.com/sms?id=47",scam,unauthorized_login
"Yangi qurilmadan (iPhone 13, Tashkent) hisobingizga kirish aniqlandi. Xavfsizlik uchun tasdiqlash talab qilinadi: https://profil-tasdiq.com/sms?id=48",scam,unauthorized_login
"Yangi qurilmadan (Windows PC, Samarkand) hisobingizga kirish aniqlandi. Xavfsizlik uchun tasdiqlash talab qilinadi: bit.ly/xavf-uz?id=49",scam,unauthorized_login
Payme: Xavfsizlik tizimi yangilandi. Profilingizni himoyalash uchun qayta verifikatsiyadan o'ting: https://click-auth.uz/code/0,scam,security_verification
Uzum: Xavfsizlik tizimi yangilandi. Profilingizni himoyalash uchun qayta verifikatsiyadan o'ting: https://click-auth.uz/code/1,scam,security_verification
Telegram: Xavfsizlik tizimi yangilandi. Profilingizni himoyalash uchun qayta verifikatsiyadan o'ting: https://uzum-tasdiq.uz/2,scam,security_verification
Click: Xavfsizlik tizimi yangilandi. Profilingizni himoyalash uchun qayta verifikatsiyadan o'ting: https://click-auth.uz/code/3,scam,security_verification
Click: Xavfsizlik tizimi yangilandi. Profilingizni himoyalash uchun qayta verifikatsiyadan o'ting: https://click-auth.uz/code/4,scam,security_verification
Telegram: Xavfsizlik tizimi yangilandi. Profilingizni himoyalash uchun qayta verifikatsiyadan o'ting: https://click-auth.uz/code/5,scam,security_verification
Uzum: Xavfsizlik tizimi yangilandi. Profilingizni himoyalash uchun qayta verifikatsiyadan o'ting: http://payme-error.com/verify/6,scam,security_verification
Uzum: Xavfsizlik tizimi yangilandi. Profilingizni himoyalash uchun qayta verifikatsiyadan o'ting: https://uzum-tasdiq.uz/7,scam,security_verification
Click: Xavfsizlik tizimi yangilandi. Profilingizni himoyalash uchun qayta verifikatsiyadan o'ting: http://payme-error.com/verify/8,scam,security_verification
Uzum: Xavfsizlik tizimi yangilandi. Profilingizni himoyalash uchun qayta verifikatsiyadan o'ting: https://click-auth.uz/code/9,scam,security_verification
Uzum: Xavfsizlik tizimi yangilandi. Profilingizni himoyalash uchun qayta verifikatsiyadan o'ting: http://payme-error.com/verify/10,scam,security_verification
Click: Xavfsizlik tizimi yangilandi. Profilingizni himoyalash uchun qayta verifikatsiyadan o'ting: https://uzum-tasdiq.uz/11,scam,security_verification
DavlatXizmatlari: Xavfsizlik tizimi yangilandi. Profilingizni himoyalash uchun qayta verifikatsiyadan o'ting: https://click-auth.uz/code/12,scam,security_verification
Payme: Xavfsizlik tizimi yangilandi. Profilingizni himoyalash uchun qayta verifikatsiyadan o'ting: https://click-auth.uz/code/13,scam,security_verification
Payme: Xavfsizlik tizimi yangilandi. Profilingizni himoyalash uchun qayta verifikatsiyadan o'ting: http://payme-error.com/verify/14,scam,security_verification
Uzum: Xavfsizlik tizimi yangilandi. Profilingizni himoyalash uchun qayta verifikatsiyadan o'ting: https://uzum-tasdiq.uz/15,scam,security_verification
DavlatXizmatlari: Xavfsizlik tizimi yangilandi. Profilingizni himoyalash uchun qayta verifikatsiyadan o'ting: https://uzum-tasdiq.uz/16,scam,security_verification
DavlatXizmatlari: Xavfsizlik tizimi yangilandi. Profilingizni himoyalash uchun qayta verifikatsiyadan o'ting: http://payme-error.com/verify/17,scam,security_verification
DavlatXizmatlari: Xavfsizlik tizimi yangilandi. Profilingizni himoyalash uchun qayta verifikatsiyadan o'ting: http://payme-error.com/verify/18,scam,security_verification
DavlatXizmatlari: Xavfsizlik tizimi yangilandi. Profilingizni himoyalash uchun qayta verifikatsiyadan o'ting: http://payme-error.com/verify/19,scam,security_verification
DavlatXizmatlari: Xavfsizlik tizimi yangilandi. Profilingizni himoyalash uchun qayta verifikatsiyadan o'ting: http://payme-error.com/verify/20,scam,security_verification
DavlatXizmatlari: Xavfsizlik tizimi yangilandi. Profilingizni himoyalash uchun qayta verifikatsiyadan o'ting: http://payme-error.com/verify/21,scam,security_verification
DavlatXizmatlari: Xavfsizlik tizimi yangilandi. Profilingizni himoyalash uchun qayta verifikatsiyadan o'ting: https://uzum-tasdiq.uz/22,scam,security_verification
DavlatXizmatlari: Xavfsizlik tizimi yangilandi. Profilingizni himoyalash uchun qayta verifikatsiyadan o'ting: http://payme-error.com/verify/23,scam,security_verification
Click: Xavfsizlik tizimi yangilandi. Profilingizni himoyalash uchun qayta verifikatsiyadan o'ting: https://uzum-tasdiq.uz/24,scam,security_verification
Click: Xavfsizlik tizimi yangilandi. Profilingizni himoyalash uchun qayta verifikatsiyadan o'ting: https://uzum-tasdiq.uz/25,scam,security_verification
Click: Xavfsizlik tizimi yangilandi. Profilingizni himoyalash uchun qayta verifikatsiyadan o'ting: http://payme-error.com/verify/26,scam,security_verification
Uzum: Xavfsizlik tizimi yangilandi. Profilingizni himoyalash uchun qayta verifikatsiyadan o'ting: https://click-auth.uz/code/27,scam,security_verification
Uzum: Xavfsizlik tizimi yangilandi. Profilingizni himoyalash uchun qayta verifikatsiyadan o'ting: https://uzum-tasdiq.uz/28,scam,security_verification
Telegram: Xavfsizlik tizimi yangilandi. Profilingizni himoyalash uchun qayta verifikatsiyadan o'ting: https://click-auth.uz/code/29,scam,security_verification
Uzum: Xavfsizlik tizimi yangilandi. Profilingizni himoyalash uchun qayta verifikatsiyadan o'ting: http://payme-error.com/verify/30,scam,security_verification
Click: Xavfsizlik tizimi yangilandi. Profilingizni himoyalash uchun qayta verifikatsiyadan o'ting: https://uzum-tasdiq.uz/31,scam,security_verification
Payme: Xavfsizlik tizimi yangilandi. Profilingizni himoyalash uchun qayta verifikatsiyadan o'ting: https://click-auth.uz/code/32,scam,security_verification
Payme: Xavfsizlik tizimi yangilandi. Profilingizni himoyalash uchun qayta verifikatsiyadan o'ting: https://uzum-tasdiq.uz/33,scam,security_verification
Click: Xavfsizlik tizimi yangilandi. Profilingizni himoyalash uchun qayta verifikatsiyadan o'ting: https://uzum-tasdiq.uz/34,scam,security_verification
DavlatXizmatlari: Xavfsizlik tizimi yangilandi. Profilingizni himoyalash uchun qayta verifikatsiyadan o'ting: https://uzum-tasdiq.uz/35,scam,security_verification
Telegram: Xavfsizlik tizimi yangilandi. Profilingizni himoyalash uchun qayta verifikatsiyadan o'ting: https://click-auth.uz/code/36,scam,security_verification
Click: Xavfsizlik tizimi yangilandi. Profilingizni himoyalash uchun qayta verifikatsiyadan o'ting: http://payme-error.com/verify/37,scam,security_verification
Click: Xavfsizlik tizimi yangilandi. Profilingizni himoyalash uchun qayta verifikatsiyadan o'ting: https://uzum-tasdiq.uz/38,scam,security_verification
Uzum: Xavfsizlik tizimi yangilandi. Profilingizni himoyalash uchun qayta verifikatsiyadan o'ting: https://click-auth.uz/code/39,scam,security_verification
Payme: Xavfsizlik tizimi yangilandi. Profilingizni himoyalash uchun qayta verifikatsiyadan o'ting: http://payme-error.com/verify/40,scam,security_verification
DavlatXizmatlari: Xavfsizlik tizimi yangilandi. Profilingizni himoyalash uchun qayta verifikatsiyadan o'ting: http://payme-error.com/verify/41,scam,security_verification
Click: Xavfsizlik tizimi yangilandi. Profilingizni himoyalash uchun qayta verifikatsiyadan o'ting: http://payme-error.com/verify/42,scam,security_verification
Telegram: Xavfsizlik tizimi yangilandi. Profilingizni himoyalash uchun qayta verifikatsiyadan o'ting: https://click-auth.uz/code/43,scam,security_verification
DavlatXizmatlari: Xavfsizlik tizimi yangilandi. Profilingizni himoyalash uchun qayta verifikatsiyadan o'ting: https://uzum-tasdiq.uz/44,scam,security_verification
Payme: Xavfsizlik tizimi yangilandi. Profilingizni himoyalash uchun qayta verifikatsiyadan o'ting: https://click-auth.uz/code/45,scam,security_verification
Click: Xavfsizlik tizimi yangilandi. Profilingizni himoyalash uchun qayta verifikatsiyadan o'ting: https://click-auth.uz/code/46,scam,security_verification
Uzum: Xavfsizlik tizimi yangilandi. Profilingizni himoyalash uchun qayta verifikatsiyadan o'ting: https://uzum-tasdiq.uz/47,scam,security_verification
Click: Xavfsizlik tizimi yangilandi. Profilingizni himoyalash uchun qayta verifikatsiyadan o'ting: https://click-auth.uz/code/48,scam,security_verification
DavlatXizmatlari: Xavfsizlik tizimi yangilandi. Profilingizni himoyalash uchun qayta verifikatsiyadan o'ting: https://uzum-tasdiq.uz/49,scam,security_verification
Diqqat! IpakYuli hisobingiz xavfsizlik maqsadida muzlatildi. Qayta tiklash uchun shaxsiy ma'lumotlaringizni kiriting: http://uzcard-block.uz/unlock?user=0,scam,account_freeze
Diqqat! Asakabank hisobingiz xavfsizlik maqsadida muzlatildi. Qayta tiklash uchun shaxsiy ma'lumotlaringizni kiriting: https://humo-unlock.com/kod?user=1,scam,account_freeze
Diqqat! Hamkorbank hisobingiz xavfsizlik maqsadida muzlatildi. Qayta tiklash uchun shaxsiy ma'lumotlaringizni kiriting: bit.ly/banck-uz?user=2,scam,account_freeze
Diqqat! IpakYuli hisobingiz xavfsizlik maqsadida muzlatildi. Qayta tiklash uchun shaxsiy ma'lumotlaringizni kiriting: https://humo-unlock.com/kod?user=3,scam,account_freeze
Diqqat! Hamkorbank hisobingiz xavfsizlik maqsadida muzlatildi. Qayta tiklash uchun shaxsiy ma'lumotlaringizni kiriting: bit.ly/banck-uz?user=4,scam,account_freeze
Diqqat! IpakYuli hisobingiz xavfsizlik maqsadida muzlatildi. Qayta tiklash uchun shaxsiy ma'lumotlaringizni kiriting: bit.ly/banck-uz?user=5,scam,account_freeze
Diqqat! Asakabank hisobingiz xavfsizlik maqsadida muzlatildi. Qayta tiklash uchun shaxsiy ma'lumotlaringizni kiriting: http://uzcard-block.uz/unlock?user=6,scam,account_freeze
Diqqat! Asakabank hisobingiz xavfsizlik maqsadida muzlatildi. Qayta tiklash uchun shaxsiy ma'lumotlaringizni kiriting: http://uzcard-block.uz/unlock?user=7,scam,account_freeze
Diqqat! Hamkorbank hisobingiz xavfsizlik maqsadida muzlatildi. Qayta tiklash uchun shaxsiy ma'lumotlaringizni kiriting: https://humo-unlock.com/kod?user=8,scam,account_freeze
Diqqat! IpakYuli hisobingiz xavfsizlik maqsadida muzlatildi. Qayta tiklash uchun shaxsiy ma'lumotlaringizni kiriting: http://uzcard-block.uz/unlock?user=9,scam,account_freeze
Diqqat! Hamkorbank hisobingiz xavfsizlik maqsadida muzlatildi. Qayta tiklash uchun shaxsiy ma'lumotlaringizni kiriting: https://humo-unlock.com/kod?user=10,scam,account_freeze
Diqqat! Kapitalbank hisobingiz xavfsizlik maqsadida muzlatildi. Qayta tiklash uchun shaxsiy ma'lumotlaringizni kiriting: http://uzcard-block.uz/unlock?user=11,scam,account_freeze
Diqqat! Asakabank hisobingiz xavfsizlik maqsadida muzlatildi. Qayta tiklash uchun shaxsiy ma'lumotlaringizni kiriting: bit.ly/banck-uz?user=12,scam,account_freeze
Diqqat! IpakYuli hisobingiz xavfsizlik maqsadida muzlatildi. Qayta tiklash uchun shaxsiy ma'lumotlaringizni kiriting: http://uzcard-block.uz/unlock?user=13,scam,account_freeze
Diqqat! NBU hisobingiz xavfsizlik maqsadida muzlatildi. Qayta tiklash uchun shaxsiy ma'lumotlaringizni kiriting: bit.ly/banck-uz?user=14,scam,account_freeze
Diqqat! Hamkorbank hisobingiz xavfsizlik maqsadida muzlatildi. Qayta tiklash uchun shaxsiy ma'lumotlaringizni kiriting: bit.ly/banck-uz?user=15,scam,account_freeze
Diqqat! Kapitalbank hisobingiz xavfsizlik maqsadida muzlatildi. Qayta tiklash uchun shaxsiy ma'lumotlaringizni kiriting: https://humo-unlock.com/kod?user=16,scam,account_freeze
Diqqat! Asakabank hisobingiz xavfsizlik maqsadida muzlatildi. Qayta tiklash uchun shaxsiy ma'lumotlaringizni kiriting: https://humo-unlock.com/kod?user=17,scam,account_freeze
Diqqat! IpakYuli hisobingiz xavfsizlik maqsadida muzlatildi. Qayta tiklash uchun shaxsiy ma'lumotlaringizni kiriting: https://humo-unlock.com/kod?user=18,scam,account_freeze
Diqqat! Asakabank hisobingiz xavfsizlik maqsadida muzlatildi. Qayta tiklash uchun shaxsiy ma'lumotlaringizni kiriting: http://uzcard-block.uz/unlock?user=19,scam,account_freeze
Diqqat! Kapitalbank hisobingiz xavfsizlik maqsadida muzlatildi. Qayta tiklash uchun shaxsiy ma'lumotlaringizni kiriting: bit.ly/banck-uz?user=20,scam,account_freeze
Diqqat! Asakabank hisobingiz xavfsizlik maqsadida muzlatildi. Qayta tiklash uchun shaxsiy ma'lumotlaringizni kiriting: bit.ly/banck-uz?user=21,scam,account_freeze
Diqqat! IpakYuli hisobingiz xavfsizlik maqsadida muzlatildi. Qayta tiklash uchun shaxsiy ma'lumotlaringizni kiriting: https://humo-unlock.com/kod?user=22,scam,account_freeze
Diqqat! Hamkorbank hisobingiz xavfsizlik maqsadida muzlatildi. Qayta tiklash uchun shaxsiy ma'lumotlaringizni kiriting: bit.ly/banck-uz?user=23,scam,account_freeze
Diqqat! IpakYuli hisobingiz xavfsizlik maqsadida muzlatildi. Qayta tiklash uchun shaxsiy ma'lumotlaringizni kiriting: https://humo-unlock.com/kod?user=24,scam,account_freeze
Diqqat! Hamkorbank hisobingiz xavfsizlik maqsadida muzlatildi. Qayta tiklash uchun shaxsiy ma'lumotlaringizni kiriting: bit.ly/banck-uz?user=25,scam,account_freeze
Diqqat! NBU hisobingiz xavfsizlik maqsadida muzlatildi. Qayta tiklash uchun shaxsiy ma'lumotlaringizni kiriting: https://humo-unlock.com/kod?user=26,scam,account_freeze
Diqqat! IpakYuli hisobingiz xavfsizlik maqsadida muzlatildi. Qayta tiklash uchun shaxsiy ma'lumotlaringizni kiriting: http://uzcard-block.uz/unlock?user=27,scam,account_freeze
Diqqat! Kapitalbank hisobingiz xavfsizlik maqsadida muzlatildi. Qayta tiklash uchun shaxsiy ma'lumotlaringizni kiriting: bit.ly/banck-uz?user=28,scam,account_freeze
Diqqat! NBU hisobingiz xavfsizlik maqsadida muzlatildi. Qayta tiklash uchun shaxsiy ma'lumotlaringizni kiriting: http://uzcard-block.uz/unlock?user=29,scam,account_freeze
Diqqat! NBU hisobingiz xavfsizlik maqsadida muzlatildi. Qayta tiklash uchun shaxsiy ma'lumotlaringizni kiriting: https://humo-unlock.com/kod?user=30,scam,account_freeze
Diqqat! Hamkorbank hisobingiz xavfsizlik maqsadida muzlatildi. Qayta tiklash uchun shaxsiy ma'lumotlaringizni kiriting: bit.ly/banck-uz?user=31,scam,account_freeze
Diqqat! Asakabank hisobingiz xavfsizlik maqsadida muzlatildi. Qayta tiklash uchun shaxsiy ma'lumotlaringizni kiriting: http://uzcard-block.uz/unlock?user=32,scam,account_freeze
Diqqat! NBU hisobingiz xavfsizlik maqsadida muzlatildi. Qayta tiklash uchun shaxsiy ma'lumotlaringizni kiriting: bit.ly/banck-uz?user=33,scam,account_freeze
Diqqat! Asakabank hisobingiz xavfsizlik maqsadida muzlatildi. Qayta tiklash uchun shaxsiy ma'lumotlaringizni kiriting: bit.ly/banck-uz?user=34,scam,account_freeze
Diqqat! Kapitalbank hisobingiz xavfsizlik maqsadida muzlatildi. Qayta tiklash uchun shaxsiy ma'lumotlaringizni kiriting: bit.ly/banck-uz?user=35,scam,account_freeze
Diqqat! NBU hisobingiz xavfsizlik maqsadida muzlatildi. Qayta tiklash uchun shaxsiy ma'lumotlaringizni kiriting: http://uzcard-block.uz/unlock?user=36,scam,account_freeze
Diqqat! IpakYuli hisobingiz xavfsizlik maqsadida muzlatildi. Qayta tiklash uchun shaxsiy ma'lumotlaringizni kiriting: bit.ly/banck-uz?user=37,scam,account_freeze
Diqqat! Kapitalbank hisobingiz xavfsizlik maqsadida muzlatildi. Qayta tiklash uchun shaxsiy ma'lumotlaringizni kiriting: bit.ly/banck-uz?user=38,scam,account_freeze
Diqqat! IpakYuli hisobingiz xavfsizlik maqsadida muzlatildi. Qayta tiklash uchun shaxsiy ma'lumotlaringizni kiriting: http://uzcard-block.uz/unlock?user=39,scam,account_freeze
Diqqat! Kapitalbank hisobingiz xavfsizlik maqsadida muzlatildi. Qayta tiklash uchun shaxsiy ma'lumotlaringizni kiriting: http://uzcard-block.uz/unlock?user=40,scam,account_freeze
Diqqat! Hamkorbank hisobingiz xavfsizlik maqsadida muzlatildi. Qayta tiklash uchun shaxsiy ma'lumotlaringizni kiriting: http://uzcard-block.uz/unlock?user=41,scam,account_freeze
Diqqat! IpakYuli hisobingiz xavfsizlik maqsadida muzlatildi. Qayta tiklash uchun shaxsiy ma'lumotlaringizni kiriting: https://humo-unlock.com/kod?user=42,scam,account_freeze
Diqqat! IpakYuli hisobingiz xavfsizlik maqsadida muzlatildi. Qayta tiklash uchun shaxsiy ma'lumotlaringizni kiriting: https://humo-unlock.com/kod?user=43,scam,account_freeze
Diqqat! Hamkorbank hisobingiz xavfsizlik maqsadida muzlatildi. Qayta tiklash uchun shaxsiy ma'lumotlaringizni kiriting: https://humo-unlock.com/kod?user=44,scam,account_freeze
Diqqat! Kapitalbank hisobingiz xavfsizlik maqsadida muzlatildi. Qayta tiklash uchun shaxsiy ma'lumotlaringizni kiriting: https://humo-unlock.com/kod?user=45,scam,account_freeze
Diqqat! IpakYuli hisobingiz xavfsizlik maqsadida muzlatildi. Qayta tiklash uchun shaxsiy ma'lumotlaringizni kiriting: https://humo-unlock.com/kod?user=46,scam,account_freeze
Diqqat! Asakabank hisobingiz xavfsizlik maqsadida muzlatildi. Qayta tiklash uchun shaxsiy ma'lumotlaringizni kiriting: http://uzcard-block.uz/unlock?user=47,scam,account_freeze
Diqqat! Asakabank hisobingiz xavfsizlik maqsadida muzlatildi. Qayta tiklash uchun shaxsiy ma'lumotlaringizni kiriting: https://humo-unlock.com/kod?user=48,scam,account_freeze
Diqqat! IpakYuli hisobingiz xavfsizlik maqsadida muzlatildi. Qayta tiklash uchun shaxsiy ma'lumotlaringizni kiriting: bit.ly/banck-uz?user=49,scam,account_freeze
