id,date,text,label,has_media,forwarded_from
2,2025-04-04T15:01:47,Срочно требуются 2 человека. Прибыльность от 16 тыс.рублей в день.Удаленка.За подробностями + в ЛС,spam,0,0
3,2025-04-04T15:01:47,"Выходи на доход от 80 долларов в час. Есть несколько свободных места, пишите хочу в личные сообщения",spam,0,0
4,2025-04-04T15:27:55,Здрастуйте. Доход от 500 доларов в неделю. Есть желание попробовать? Пишите старт в личные сообщения,spam,0,0
5,2025-04-04T15:28:13,Требуются 2 человека. Заработок от 16 тыс. рублей в день.Удаленка.Напишите в ЛС!,spam,0,0
6,2025-04-04T15:42:57,"Срочно ищем новых партнеров для УДАЛЕННОГО заработка.
Прибыль каждый день от 100-140$, белый вид дохода
Нужно 1-3 часа в день!
Принимаем как с опытом, так и без.

Возраст от 25 лет!! 

Пишите ""+"" в лс!",spam,0,0
7,2025-04-04T16:44:15,"Срочно ищем новых партнеров для УДАЛЕННОГО заработка.
Прибыль каждый день от 100-140$, белый вид дохода
Нужно 1-3 часа в день!
Принимаем как с опытом, так и без.

Возраст от 25 лет!! 

Пишите ""+"" в лс!",spam,0,0
8,2025-04-04T20:40:38,"Здравствуйте. Хорошая возможность получать 400 долларов в час доступна уже сейчас. Напиши мне интересно расскажу, как начать",spam,0,0
9,2025-04-04T20:40:38,"Нужны люди в команду. Приятный ЗАРАБОТОК от 200 $ в день. Если интересует подробная информация "" + "" в лс",spam,0,0
10,2025-04-04T20:40:38,"Нужны люди в команду. Приятный ЗАРАБОТОК от 200 $ в день. Если интересует подробная информация "" + "" в лс",spam,0,0
11,2025-04-04T20:40:38,"Нужны люди в команду. Приятный ЗАРАБОТОК от 200 $ в день. Если интересует подробная информация "" + "" в лс",spam,0,0
12,2025-04-04T20:40:38,"Доход от $100 в день без риска и серых схем
? Легально, прозрачно, без вложений в казино и сомнительные проекты
? Работает для всех — идеальный вариант для занятых людей 30+
? Ты контролируешь процесс, а деньги капают 24/7",spam,0,0
13,2025-04-04T20:40:38,"Доход от $100 в день без риска и серых схем
? Легально, прозрачно, без вложений в казино и сомнительные проекты
? Работает для всех — идеальный вариант для занятых людей 30+
? Ты контролируешь процесс, а деньги капают 24/7",spam,0,0
14,2025-04-04T20:40:39,"Доход от $100 в день без риска и серых схем
? Легально, прозрачно, без вложений в казино и сомнительные проекты
? Работает для всех — идеальный вариант для занятых людей 30+
? Ты контролируешь процесс, а деньги капают 24/7",spam,0,0
15,2025-04-04T20:40:39,"Нужны люди в команду. Приятный ЗАРАБОТОК от 200 $ в день. Если интересует подробная информация "" + "" в лс",spam,0,0
16,2025-04-04T20:40:39,Требуются 2 человека. Заработок от 16 тыс. рублей в день.Удаленка.Подробности в ЛС.,spam,0,0
17,2025-04-04T21:19:47,"Ищу людей, возьму 2-3 человека. 18+ удаленная деятельность. От 250$ в день. Кому интересно + в ЛС",spam,0,0
18,2025-04-05T16:31:07,"🔤🔤🔤🔤🔤🔤🔤🔤🔤🔤

❗️❗️❗️ТРЕБУЮТСЯ ЛЮДИ❗️❗️❗️
💵Высокая ЗП
✍️Свободный гр@USERNAME_REDACTED ☹️☺️😣часа  в день
😜Забирай – дост@USERNAME_REDACTED – з@USERNAME_REDACTED@USERNAME_REDACTED
🔝Курьер – это легко и выгодно!

🙊🙊😳🙊🙊🙊🙊🙊🙊",spam,0,0
19,2025-04-05T18:36:23,"Предлагаю стабильное сотрудничество с привлекательными условиями! Доход не ограничен, обучение — бесплатно. Все детали в ЛС!",spam,0,0
20,2025-04-06T16:46:26,"Привет, нужны 2 человека ,все с телефона, или  компьютера. От 220 $ в день. Удалённая занятость , пиши + в лс",spam,0,0
24,2025-04-07T14:58:20,"Приветствую. Хочешь выйти на доход 400 долларов в неделю? Пишите в личные сообщение, расскажу детали. Осталось несколько  свободных мест",spam,0,0
25,2025-04-07T14:59:55,👄🥺Загляни ко мне в профиль🥺👄,spam,0,1
26,2025-04-07T15:59:01,Срочно требуются 2 человека. Прибыльность от 16 тыс.рублей в день.Удаленка.Подробности в ЛС,spam,0,0
27,2025-04-07T17:00:19,Нужны 2-3 человека (18+) для удаленной деятельности от 300$ в день. Заинтересованных прошу писать ➕ в личку.,spam,0,0
28,2025-04-07T17:00:19,Нужны 2-3 человека (18+) для удаленной деятельности от 300$ в день. Заинтересованных прошу писать ➕ в личку.,spam,0,0
29,2025-04-07T17:00:19,Нужны 2-3 человека (18+) для удаленной деятельности от 300$ в день. Заинтересованных прошу писать ➕ в личку.,spam,0,0
30,2025-04-07T17:00:19,Нужны 2-3 человека (18+) для удаленной деятельности от 300$ в день. Заинтересованных прошу писать ➕ в личку.,spam,0,0
31,2025-04-07T17:00:19,Ищем активных людей для стабильного дохода! Заработок от 250 долларов в неделю. Осталось 4 свободных места. Возраст от 20 лет. Пишите в личку для подробностей!,spam,0,1
32,2025-04-07T19:33:15,Готов к доходу от $700 в неделю? Уникальные условия: до 10% еженедельно. Мест мало – пишите в личные сообщения,spam,0,1
33,2025-04-07T19:33:15,"Приветствую. Доход от 75 долларов в час, записывайся прямо сейчас, осталось 3 мест. Пишите плюс в личные сообщения, расскажу детали",spam,0,0
34,2025-04-07T19:33:15,"ищу ᴧюдᴇй дᴧя ᴄᴏᴛᴩудничᴇᴄᴛʙᴀ ʙ нᴏʙᴏʍ ᴨᴩᴏᴇᴋᴛᴇ (удᴀᴧᴇннᴏ), ᴏᴨᴧᴀᴛᴀ ВЫСОКАЯ, ᴨиɯиᴛᴇ  + ʙ ᴧᴄ :)",spam,0,1
35,2025-04-07T19:33:15,Выиграл 988кк с нуля в новом боте:,spam,0,1
36,2025-04-07T22:05:03,Получить 14.000$:,spam,0,1
37,2025-04-08T15:26:38,"Здравствуйте. Нужны несколько человек. Доход от 140 долларов в день. Пишите мне в личные плюс, расскажу подробности",spam,0,1
38,2025-04-08T16:18:12,"🔥🅰️🔥🅰️🅱️🔥🔥🔥🔥
🔥  🔥🔥🔥🔥🔥🔥🔥
🔥🔥🔥🔥🔥🔥🔥🔥🔥🔥

⏺💫💫💫💫💫💫

⏺💫💫💫💫💸
       💫  💫💫💫💫

⏺💫🔸💫 💫💫💫💫
        💫  💫💫💫💫

❗️❗️  ❗️❗️  ❗️❗️❗️

🐉🌾🪴🌾 👉 @USERNAME_REDACTED",spam,0,1
39,2025-04-08T16:18:12,"Привет. Выходи на доход от 130 долларов в час. Есть свободные места, пишите хочу в личные сообщения",spam,0,0
40,2025-04-08T16:18:49,"Ищешь возможность заработать в сфере криптовалюты прямо из дома? Всё, что тебе нужно — это телефон и пару часов свободного времени в день. Заработок в этой сфере может быть очень достойным, а гибкий график позволит совмещать работу с личными делами. Пиши мне в личку для подробностей.",spam,0,0
41,2025-04-08T16:32:16,Привет! Требуется несколько людей для выгодного сотрудничества. От 300 $ в день. Пишите + в лс за информацией!,spam,0,0
42,2025-04-08T17:35:30,"Ищешь дополнительный заработок?
От 245$ в день без усилий. За подробностями пишите в лс!",spam,0,0
43,2025-04-08T19:52:00,"🔠🔠🔠🔠🔠🔠🔠🔠
Вoзьму отвeтственных людей для сотрyдничecтвa в сфeрe apбитражa кpиптoвaлют.

Нoвичков готов качественно обyчить c полнoго нyля.
Aбсолютно легaльный доxод, без рисков!
Времени нужно удeлять не бoльшe 1 чaса в сутки, можно с тeлeфoнa.

Подрoбности рaспишу желающим в лс.",spam,0,1
44,2025-04-08T19:52:00,Требуются 2 человека. Заработок  от 900$ в неделю.Удаленный формат сотрудничества. Детали в личных смс.,spam,0,0
45,2025-04-09T00:27:25,Получить 1.000$:,spam,0,1
46,2025-04-09T09:07:05,"Требуются удалённые сотрудники!

Доход от $100 до $150 в день. 

Работайте с телефона, не покидая дома. 

Подходит для дополнительного заработка(25+). 

Напишите (+) в личку!",spam,0,0
47,2025-04-09T19:54:18,"Всем привет! 🙌
Я долго сомневался, где и как лучше сделать права, пока не наткнулся на одну проверенную автошколу.
Они реально делают всё по закону, официально, через свою базу.
Категории любые — мне сделали C+E, всё чётко, никаких вопросов! 🚛🔐
Получил быстро и без заморочек.
Может кому пригодится — пишите, расскажу, куда обращаться 😉",spam,0,0
48,2025-04-09T19:54:18,"🔸🔸🔸🔸🔸🔸🔸🔸🔸🔸🔸🔸

🔸🔸🔸🔸🔸🔸🔸🔸🔸🔸🔸🔸🔸

🔸 🔸🔸🔸🔸

✔️1.Oфopмлeниe вoдитeльcкoгo yдocтoвepeния c нyля.
 -Быcтpo,кaчecтвeннo и oпepaтивнo oткpывaeм пpaвa для вcex кaтeгopий.

✔️2.Boccтaнoвлeниe yтepяннoгo BУ.
 -Пoмoжeм вoccтaнoвить пpaвa yтepянныe или yкpaдeнныe.

✔️3.Boзвpaщeниe и вoccтaнoвлeниe пpaв пocлe лишeния.
 -Индивидyaльный пoдxoд к кaждoмy клиeнтy и cитyaции.

 👑 Пoчeмy имeннo мы?
 🔒-Пoлнaя кoнфидeнциaльнocть вaшиx дaнныx.
🖥 -Пoлнaя пpoвoдкa пo бaзe ГИБДД.
🪪 -Opигинaльныe блaнки и oфициaльнaя peгиcтpaция.
  
❗️Cкидки и Aкции❗️
🫡 -Для yчacтникoв CBO cкидкa.
👍🏻 -Cкидки для пocтoянныx клиeнтoв.
 🙎🏻‍♂️-Пpивeди дpyгa и пoлyчи дeнeжный бoнyc

🔥🔥🔥🔥👉@USERNAME_REDACTED",spam,0,1
49,2025-04-09T19:54:18,"🔸🔸🔸🔸🔸🔸🔸🔸🔸🔸🔸🔸

🔸🔸🔸🔸🔸🔸🔸🔸🔸🔸🔸🔸🔸

🔸 🔸🔸🔸🔸

✔️1.Oфopмлeниe вoдитeльcкoгo yдocтoвepeния c нyля.
 -Быcтpo,кaчecтвeннo и oпepaтивнo oткpывaeм пpaвa для вcex кaтeгopий.

✔️2.Boccтaнoвлeниe yтepяннoгo BУ.
 -Пoмoжeм вoccтaнoвить пpaвa yтepянныe или yкpaдeнныe.

✔️3.Boзвpaщeниe и вoccтaнoвлeниe пpaв пocлe лишeния.
 -Индивидyaльный пoдxoд к кaждoмy клиeнтy и cитyaции.

 👑 Пoчeмy имeннo мы?
 🔒-Пoлнaя кoнфидeнциaльнocть вaшиx дaнныx.
🖥 -Пoлнaя пpoвoдкa пo бaзe ГИБДД.
🪪 -Opигинaльныe блaнки и oфициaльнaя peгиcтpaция.
  
❗️Cкидки и Aкции❗️
🫡 -Для yчacтникoв CBO cкидкa.
👍🏻 -Cкидки для пocтoянныx клиeнтoв.
 🙎🏻‍♂️-Пpивeди дpyгa и пoлyчи дeнeжный бoнyc

🔥🔥🔥🔥👉@USERNAME_REDACTED",spam,0,1
50,2025-04-10T21:21:42,"Пpиветcтвyю, y мeня ecть мaтepиaл пo тopгoвлe, инвecтициям, кpиптoвaлютaм и нeдвижимocти, кoтopый дo cиx пop ocтaeтcя aктyaльным. Я peкoмeндyю эти pecypcы вceм, ктo xoчeт нaчaть, a тaкжe тeм, ктo yжe paбoтaeт в этиx oблacтяx и xoчeт pacшиpить cвoи знaния. Ecли кoмy-тo нyжнo, c paдocтью пoдeлюcь бecплaтнo",spam,0,1
51,2025-04-10T21:40:49,"Водительские права без экзаменов и автошколы. Все категории, восстановление, медсправки. Быстро, надёжно, оплата после получения!",spam,0,0
52,2025-04-11T17:38:43,"Если вам интересно зарабатывать в крипте с надёжной компанией — пишите!
⚡️ Мы — официальный брокер, сотрудничающий напрямую с крупнейшей мировой криптовалютной биржей Binance.
💰 Работаете через свой кошелёк, деньги не нужно никуда переводить.
🔏 Полный контроль остаётся у вас, а мы обеспечиваем стратегию и техническую поддержку.

📩  Хотите подробности? Напишите мне в ЛС!",spam,0,0
53,2025-04-11T22:27:58,"Добрый день!
Предлагаем рассмотреть сотрудничество с международным брокером — партнёром одной из ведущих криптоплатформ мира, Binance.

📌 Работа строится на полной автономии клиента:
— только через личные кошельки, без передачи активов;
— гибкое и быстрое подключение сервисов.

Мы предлагаем решения как для частных инвесторов, так и для профессиональных команд.

📩 Для консультации и деталей — напишите в личные сообщения.",spam,0,0
54,2025-04-11T22:27:58,"Добрый день!
Предлагаем рассмотреть сотрудничество с международным брокером — партнёром одной из ведущих криптоплатформ мира, Binance.

📌 Работа строится на полной автономии клиента:
— только через личные кошельки, без передачи активов;
— гибкое и быстрое подключение сервисов.

Мы предлагаем решения как для частных инвесторов, так и для профессиональных команд.

📩 Для консультации и деталей — напишите в личные сообщения.",spam,0,0
55,2025-04-15T21:02:11,"3дpaвcтвyйтe, ecть пoлeзныe мaтepиaлы пo кpиптoвaлютaм, инвecтициям и тpeйдингy, кoтoрыe мoгyт быть интepecны для дaльнeйшeгo изyчeния. Гoтoв пoдeлитьcя ими бeзвoзмeзднo.",spam,0,1
56,2025-04-16T09:22:30,"Криптотрейдинг без просадок капитала — реальность, а не миф
Так вы торгуете самостоятельно:
🚩 Анализируете экономические показатели и политические факторы
🚩 Постоянно контролируете рынок криптовалюты
🚩 Из-за высокой волатильности часто получаете убытки
🚩 На эмоциях принимаете опрометчивые решения
А так за вас торгует алгоритм AI NATA от MacrosMatic:
✅ Анализирует рынок и прогнозирует движения цены на 3 часа вперед
✅ 24/7 автоматически торгует во всех часовых поясах
✅ Выставляет стоп-лоссы и входит в сделку с 10% от депозита
✅ 76–82% сделок завершает с прибылью и средним доходом 15,69% в месяц
Компания MacrosMatic работает по лицензии Национального банка Грузии, а торговый алгоритм AI NATA — на трех нейросетях. 
Вам нужно просто зарегистрироваться в приложении, пополнить депозит от 500$ и наблюдать, как растет ваш капитал.
Жмите сюда  ➡️  https://t.me/chernyshevdv87 — и узнайте все подробности!

​ ​ ​ ​ ​",spam,0,0
57,2025-04-16T09:22:30,"Криптотрейдинг без просадок капитала — реальность, а не миф
Так вы торгуете самостоятельно:
🚩 Анализируете экономические показатели и политические факторы
🚩 Постоянно контролируете рынок криптовалюты
🚩 Из-за высокой волатильности часто получаете убытки
🚩 На эмоциях принимаете опрометчивые решения
А так за вас торгует алгоритм AI NATA от MacrosMatic:
✅ Анализирует рынок и прогнозирует движения цены на 3 часа вперед
✅ 24/7 автоматически торгует во всех часовых поясах
✅ Выставляет стоп-лоссы и входит в сделку с 10% от депозита
✅ 76–82% сделок завершает с прибылью и средним доходом 15,69% в месяц
Компания MacrosMatic работает по лицензии Национального банка Грузии, а торговый алгоритм AI NATA — на трех нейросетях. 
Вам нужно просто зарегистрироваться в приложении, пополнить депозит от 500$ и наблюдать, как растет ваш капитал.
Жмите сюда  ➡️  https://t.me/chernyshevdv87 — и узнайте все подробности!

​ ​ ​ ​ ​",spam,0,0
58,2025-04-16T09:22:30,"Криптотрейдинг без просадок капитала — реальность, а не миф
Так вы торгуете самостоятельно:
🚩 Анализируете экономические показатели и политические факторы
🚩 Постоянно контролируете рынок криптовалюты
🚩 Из-за высокой волатильности часто получаете убытки
🚩 На эмоциях принимаете опрометчивые решения
А так за вас торгует алгоритм AI NATA от MacrosMatic:
✅ Анализирует рынок и прогнозирует движения цены на 3 часа вперед
✅ 24/7 автоматически торгует во всех часовых поясах
✅ Выставляет стоп-лоссы и входит в сделку с 10% от депозита
✅ 76–82% сделок завершает с прибылью и средним доходом 15,69% в месяц
Компания MacrosMatic работает по лицензии Национального банка Грузии, а торговый алгоритм AI NATA — на трех нейросетях. 
Вам нужно просто зарегистрироваться в приложении, пополнить депозит от 500$ и наблюдать, как растет ваш капитал.
Жмите сюда  ➡️  https://t.me/chernyshevdv87 — и узнайте все подробности!

​ ​ ​ ​ ​",spam,0,0
59,2025-04-16T09:22:30,"Криптотрейдинг без просадок капитала — реальность, а не миф
Так вы торгуете самостоятельно:
🚩 Анализируете экономические показатели и политические факторы
🚩 Постоянно контролируете рынок криптовалюты
🚩 Из-за высокой волатильности часто получаете убытки
🚩 На эмоциях принимаете опрометчивые решения
А так за вас торгует алгоритм AI NATA от MacrosMatic:
✅ Анализирует рынок и прогнозирует движения цены на 3 часа вперед
✅ 24/7 автоматически торгует во всех часовых поясах
✅ Выставляет стоп-лоссы и входит в сделку с 10% от депозита
✅ 76–82% сделок завершает с прибылью и средним доходом 15,69% в месяц
Компания MacrosMatic работает по лицензии Национального банка Грузии, а торговый алгоритм AI NATA — на трех нейросетях. 
Вам нужно просто зарегистрироваться в приложении, пополнить депозит от 500$ и наблюдать, как растет ваш капитал.
Жмите сюда  ➡️  https://t.me/chernyshevdv87 — и узнайте все подробности!

​ ​ ​ ​ ​",spam,0,0
60,2025-04-16T21:12:42,"❗️❗️❗️❗️❗️❗️❗️❗️

💵ИЩEM ПАРТНЕРОВ B CФEPУ ЗAPAБOTKA HA TPEЙДИHГE KPИПTOBAЛЮTЫ 💵

💡 BCEX OБУЧAEM C HУЛЯ

📈 ДOXOД 👾👾👾—👾👾👾💲 EЖEДHEBHO, HO MOЖHO И БOЛЬШE

2️⃣5️⃣➕🔥🔥🔥

🔸🔸🔸🔸🔸  @USERNAME_REDACTED",spam,0,1
61,2025-04-16T21:12:42,"❗️❗️❗️❗️❗️❗️❗️❗️

💵ИЩEM ПАРТНЕРОВ B CФEPУ ЗAPAБOTKA HA TPEЙДИHГE KPИПTOBAЛЮTЫ 💵

💡 BCEX OБУЧAEM C HУЛЯ

📈 ДOXOД 👾👾👾—👾👾👾💲 EЖEДHEBHO, HO MOЖHO И БOЛЬШE

2️⃣5️⃣➕🔥🔥🔥

🔸🔸🔸🔸🔸  @USERNAME_REDACTED",spam,0,1
62,2025-04-16T21:12:42,"❗️❗️❗️❗️❗️❗️❗️❗️

💵ИЩEM ПАРТНЕРОВ B CФEPУ ЗAPAБOTKA HA TPEЙДИHГE KPИПTOBAЛЮTЫ 💵

💡 BCEX OБУЧAEM C HУЛЯ

📈 ДOXOД 👾👾👾—👾👾👾💲 EЖEДHEBHO, HO MOЖHO И БOЛЬШE

2️⃣5️⃣➕🔥🔥🔥

🔸🔸🔸🔸🔸  @USERNAME_REDACTED",spam,0,1
63,2025-04-16T21:12:42,"❗️❗️❗️❗️❗️❗️❗️❗️

💵ИЩEM ПАРТНЕРОВ B CФEPУ ЗAPAБOTKA HA TPEЙДИHГE KPИПTOBAЛЮTЫ 💵

💡 BCEX OБУЧAEM C HУЛЯ

📈 ДOXOД 👾👾👾—👾👾👾💲 EЖEДHEBHO, HO MOЖHO И БOЛЬШE

2️⃣5️⃣➕🔥🔥🔥

🔸🔸🔸🔸🔸  @USERNAME_REDACTED",spam,0,1
64,2025-04-17T18:07:49,"Приветики!
Не в тему, но просто поделюсь — вдруг пригодится. Недавно получала права через автошколу, всё прошло спокойно, без всяких проблем.
Оформили быстро, с документами порядок.
Если кому нужно — пишите, скажу, куда обращаться.",spam,0,1
65,2025-04-17T20:53:59,"🔤🔤🔤🔤🔤🔤
Лaгaльный дoxoд на официальных кpиптo-биржах.

Oпыт не требуется, только несколько часов в дeнь.
Актуальную информацию и oбyчeниe предоставляю взамен долю от доxода - договoримся.
Сотрyдничecтво выгодное, без стaвок и каких-либо риcков.

Подробности можно узнать написав мне 👌",spam,0,1
66,2025-04-21T16:25:37,Срочно требуются 2 человека. Заработок от 16 тыс.рублей в день.Удаленка.Подробности в ЛС,spam,0,0
67,2025-04-30T08:35:23,"Лучшая тапалка в ТГ, всего за 15 минут можно натапать 2$, проверь сам 👉 https://t.me/Farmfi_mbot?start=[PHONE_REDACTED]

​ ​ ​ ​ ​",spam,0,1
68,2025-04-30T19:57:01,"Мой телефон — мой офис, а профит идёт каждый день!
Официально! Хочешь так же? Пиши ""хочу""",spam,0,0
69,2025-04-30T22:24:36,"Удалёнка на своих условиях.  
От $110 в день.  
Набор открыт до вечера",spam,0,0
70,2025-05-03T11:24:51,"⁢⁢y⁢⁢o⁢⁢ ⁢⁢t⁢⁢r⁢⁢u⁢⁢m⁢⁢p⁢⁢ ⁢⁢l⁢⁢a⁢⁢u⁢⁢n⁢⁢c⁢⁢h⁢⁢ ⁢⁢⁢⁢n⁢⁢f⁢⁢t⁢⁢ ⁢⁢c⁢⁢o⁢⁢l⁢⁢l⁢⁢e⁢⁢c⁢⁢t⁢⁢i⁢⁢o⁢⁢n⁢⁢ ⁢⁢o⁢⁢n⁢⁢ ⁢⁢o⁢⁢p⁢⁢e⁢⁢n⁢⁢s⁢⁢e⁢⁢a⁢⁢,⁢⁢ ⁢⁢a⁢⁢l⁢⁢m⁢⁢o⁢⁢s⁢⁢t⁢⁢ ⁢⁢s⁢⁢o⁢⁢l⁢⁢d⁢⁢ ⁢⁢o⁢⁢u⁢⁢t⁢⁢ ⁢⁢b⁢⁢u⁢⁢t⁢⁢ ⁢⁢i⁢⁢f⁢⁢ ⁢⁢y⁢⁢o⁢⁢u⁢⁢ ⁢⁢w⁢⁢a⁢⁢n⁢⁢t⁢⁢ ⁢⁢c⁢⁢h⁢⁢e⁢⁢c⁢⁢k⁢⁢ ⁢⁢i⁢⁢t⁢⁢ ⁢⁢o⁢⁢u⁢⁢t⁢⁢⁢⁢ https://opensea.io/collection/trumpflex/overview",spam,0,1
71,2025-05-05T16:25:36,"Внимание!Есть вакантные места в закрытую команду, удалённо. Без опыта — не проблема. Хочешь попробовать? Пиши + в лс.",spam,0,0
72,2025-05-10T16:21:06,⁢⁢⁢h⁢⁢⁢u⁢⁢⁢r⁢⁢⁢r⁢⁢⁢y⁢⁢⁢ ⁢⁢⁢u⁢⁢⁢p⁢⁢⁢ ⁢⁢⁢f⁢⁢⁢r⁢⁢⁢e⁢⁢⁢e⁢⁢⁢ ⁢⁢⁢c⁢⁢⁢l⁢⁢⁢a⁢⁢⁢i⁢⁢⁢m⁢⁢⁢ ⁢⁢⁢N⁢⁢⁢F⁢⁢⁢T⁢⁢⁢ https://kyubi.world/,spam,0,0
73,2025-05-11T16:55:14,"he⁢a⁢rd ⁢the⁢y w⁢ere ⁢gi⁢vi⁢ng o⁢ut N⁢⁢F⁢⁢⁢T⁢s⁢ f⁢o⁢r⁢ f⁢r⁢⁢e⁢e, s⁢⁢o ⁢I g⁢o⁢t o⁢ne too https://grokis.world/",spam,0,1
74,2025-05-11T17:49:11,"he⁢a⁢rd ⁢the⁢y w⁢ere ⁢gi⁢vi⁢ng o⁢ut N⁢⁢F⁢⁢⁢T⁢s⁢ f⁢o⁢r⁢ f⁢r⁢⁢e⁢e, s⁢⁢o ⁢I g⁢o⁢t o⁢ne too https://grokis.world/",spam,0,1
75,2025-05-13T16:12:56,⁢⁢지⁢⁢금⁢ ⁢무⁢료⁢⁢ ⁢코⁢⁢인⁢⁢ ⁢받⁢⁢아⁢⁢가⁢⁢요⁢⁢ https://mlef.world/,spam,0,0
76,2025-05-13T23:22:37,"🏐Рассылка по  300 к чатам🏐
ПОТОК КЛИЕНТОВ БЕЗ ЛИШНИХ УСИЛИЙ
🔴🔴🔴🔴🔴🔴🔴🔴🔴🔴🔴🔴🔴🔴🔴🔴

❕Заливаем целевую аудиторию в группы/чаты/каналы или рассылка по целевой, активной аудитории

                             ⬇️⬇️⬇️⬇️⬇️⬇️
Пиши сюда😞@USERNAME_REDACTED

❗️❗️❗️❗️❗️
🟡 Автоматическая реклама 24/7
❤️ Привлекаем клиентов в любое время дня и ночи
💟 Охват вашей аудитории без переплаты по 300 к чатов

🤩🤩🤩🤩
⚡️ Реальные и активные пользователи
⚡️ Ниши: ПРАВА, ШОПЫ, 
       🔠🔠🔠🔠🔠🔠 и  другие
⚡️ Помощь в составлении текста


ПИШИ ""ХОЧУ""🟣@USERNAME_REDACTED",spam,0,1
77,2025-05-13T23:22:37,"🏐Рассылка по  300 к чатам🏐
ПОТОК КЛИЕНТОВ БЕЗ ЛИШНИХ УСИЛИЙ
🔴🔴🔴🔴🔴🔴🔴🔴🔴🔴🔴🔴🔴🔴🔴🔴

❕Заливаем целевую аудиторию в группы/чаты/каналы или рассылка по целевой, активной аудитории

                             ⬇️⬇️⬇️⬇️⬇️⬇️
Пиши сюда😞@USERNAME_REDACTED

❗️❗️❗️❗️❗️
🟡 Автоматическая реклама 24/7
❤️ Привлекаем клиентов в любое время дня и ночи
💟 Охват вашей аудитории без переплаты по 300 к чатов

🤩🤩🤩🤩
⚡️ Реальные и активные пользователи
⚡️ Ниши: ПРАВА, ШОПЫ, 
       🔠🔠🔠🔠🔠🔠 и  другие
⚡️ Помощь в составлении текста


ПИШИ ""ХОЧУ""🟣@USERNAME_REDACTED",spam,0,1
78,2025-05-13T23:22:37,"🏐Рассылка по  300 к чатам🏐
ПОТОК КЛИЕНТОВ БЕЗ ЛИШНИХ УСИЛИЙ
🔴🔴🔴🔴🔴🔴🔴🔴🔴🔴🔴🔴🔴🔴🔴🔴

❕Заливаем целевую аудиторию в группы/чаты/каналы или рассылка по целевой, активной аудитории

                             ⬇️⬇️⬇️⬇️⬇️⬇️
Пиши сюда😞@USERNAME_REDACTED

❗️❗️❗️❗️❗️
🟡 Автоматическая реклама 24/7
❤️ Привлекаем клиентов в любое время дня и ночи
💟 Охват вашей аудитории без переплаты по 300 к чатов

🤩🤩🤩🤩
⚡️ Реальные и активные пользователи
⚡️ Ниши: ПРАВА, ШОПЫ, 
       🔠🔠🔠🔠🔠🔠 и  другие
⚡️ Помощь в составлении текста


ПИШИ ""ХОЧУ""🟣@USERNAME_REDACTED",spam,0,1
79,2025-05-14T23:37:21,"Заработок на дому.
От 8000 рублей в день. 
Возраст от 18 лет.
Пишите - @USERNAME_REDACTED",spam,0,0
80,2025-05-14T23:37:21,"Заработок на дому.
От 8000 рублей в день. 
Возраст от 18 лет.
Пишите - @USERNAME_REDACTED",spam,0,0
81,2025-05-16T17:00:44,"Заработок на дому.
От 8000 рублей в день. 
Возраст от 18 лет.
Пишите - @USERNAME_REDACTED",spam,0,0
82,2025-05-17T21:37:47,"СРОЧНО требуется 1-3 человека на удалённую деятельность, все с телефона или пк, 1100 долларов  в неделю, легально и стабильно!!!
Пишите  "" + "" в ЛС.",spam,0,0
83,2025-05-19T09:59:10,"В поиске пaртнёpa для сотpyдничecтва в сфepe сrурto на постоянной основе 
С моей стороны информация о безопасных и выгoдныx cдeлкaх - с вашей % от peзyльтата
Нужно уделять час в день из любой точки мира 
Дoxoдность от 2000$ в неделю и выше 
Опыт не обязателен , oбyчаю 
В ожидании ваших вопpoсов",spam,0,0
84,2025-05-19T10:07:48,⁢f⁢r⁢e⁢e⁢ ⁢N⁢F⁢T⁢ ⁢d⁢o⁢n⁢t⁢ ⁢s⁢l⁢e⁢e⁢p⁢ ⁢⁢d⁢e⁢g⁢e⁢n⁢⁢s⁢  https://belfy.world/,spam,0,1
85,2025-05-20T19:30:19,"Простой принцип: ты получаешь результат — делим 80/20.
Никаких входов и переводов. Всё у тебя под контролем.
Пиши — покажу пошагово.",spam,0,0
86,2025-05-21T13:56:42,"Заработок на дому.
От 6 500 рублей в день. 
Возраст от 18 лет.
Пишите - @USERNAME_REDACTED",spam,0,0
90,2025-05-28T22:48:30,"🚀Работа на дому🚀
Возраст строго с 18 лет
9000 рублей в день.
Пишите @USERNAME_REDACTED",spam,0,0
91,2025-06-05T14:12:57,"CРOЧHO!
НУЖДАЕМСЯ В OТВЕТCТВЕHHЫХ ЛЮДЯХ
(ВОЗРАСТ OТ 18) 
OHЛАЙH СОТРУДНИЧЕСТВО
1-2 ЧАCА В ДЕHЬ -  10-15% в неделю
ОБРАЩАЙТЕСЬ В ЛИЧНЫЕ СООБЩЕНИЯ
Надо 5 человек.",spam,0,1
92,2025-06-06T18:10:36,"Доступны 3 места в стабильной сфере в качестве дополнения к основной. Получается от 150дол/день.

Пиши ""Заинтересовало"".",spam,0,0
93,2025-06-13T14:31:54,"Здрaвствyйтe у мeня oстaлись мeтoдичeскиe мaтeриaлы пo yпрaвлeнию финaнсaми, трeйдингу и инвeстициям — aктyaльныe и пo сeй дeнь. Сaм извлeк из них нeмaлo пoльзы, пoeтoмy мoгy смeлo рeкoмeндoвaть. Если кoгo-тo интeрeсуeт — гoтoв пoдeлиться.",spam,0,1
94,2025-06-21T00:15:14,"Один знакомый с нуля освоил трейдинг и криптовалюту — сейчас уже управляет своим портфелем и демонстрирует отличные результаты. Есть классный курс, могу скинуть. Как говорится, волков бояться — в крипту не ходить 😁👍",spam,0,0
97,2025-07-03T18:26:36,"НУЖHЫ ЛЮДИ B ПРOЕKТ:

 Тpeбовaния: 
- наличиe cмapтфoна или ноутбyка
- c 18 
-коммyникабeльнocть

Уcловия: 
- cвoбодный/индивидуaльный гpaфик
- выcoкий дoxод oт 15000 в нeделю",spam,0,0
98,2025-07-09T11:49:37,🌀 ОФИЦИАЛЬНЫЙ КАЗИНО БОТ В ТЕЛЕГРАМ 👇,spam,0,1
99,2025-07-11T20:19:30,"Всėм привėт!
Нужнō 2 чėлōвėкă
С т р ō г ō  20+
Ōт 200$/дėнь
Всё онлăйн
Бėз ""н ă р к ō т и к ō в""
Пuшuтe ""+""в ЛÛЧHЫE",spam,0,1
100,2025-07-17T15:21:54,"СРОЧНО!!СРОЧНО!!СРОЧНО!!
НУЖНЫ НАДЁЖНЫЕ И СЕРЬЁЗНЫЕ СОТРУДНИКИ
ВОЗРАСТ 18+
ФОРМАТ — УДАЛЁННО, ПАССИВНАЯ ПРИБЫЛЬ
1–2 ЧАСА В ДЕНЬ — ДО 1200$ В НЕДЕЛЮ
ПИШИТЕ В ЛС — @USERNAME_REDACTED",spam,0,1
101,2025-07-18T15:55:45,"Всėм привėт!
Нужнō 2 чėлōвėкă
С т р ō г ō  20+
Ōт 200$/дėнь
C любой тoчкu мupa
Бėз ""н ă р к ō т и к ō в""
Пuшuтe ""+""в ЛÛЧHЫE",spam,0,1
102,2025-07-20T14:23:22,"❇️Возьму новых людей в команду под обучение.
Плaтить не нужно, только после факта получeния дохoда, предоставляете прoцент от нeго.
Сфeра aрбитражa криптoвaлют, опыт вообще не нужен.
Сотрудничeство в долго срок, опытные тоже приветствуются.
❇️Пишите, чтобы узнать подробнее, нужно минимум времени и телефон.",spam,0,1
103,2025-07-21T16:41:53,"НУЖHЫ ЛЮДИ B ПРOЕKТ:

 Тpeбовaния: 
- наличиe cмapтфoна или ноутбyка
- c 18 
-коммyникабeльнocть

Уcловия: 
- cвoбодный/индивидуaльный гpaфик
- выcoкий дoxод oт 15000 в нeделю",spam,0,0
104,2025-07-22T23:03:08,Я запустил технологический стартап.  Я изобрел платформу программирования математических моделей технологических и бизнес процессов GPUDigitalLab. Я приглашаю заинтересованных лиц к запуску технологических стартапов на создание моделей процессов. ПРИСЫЛАЙТЕ мне описания процессов с математическими формулами для их оцифровки в виде программных продуктов и инструментов динамического контроля.,spam,0,1
105,2025-07-24T15:22:20,"Салам, Есть чем тебя заинтересовать. Если интересно, пиши",spam,0,1
106,2025-07-24T15:22:20,"ку, Есть интересное предложение. Пиши в лс — расскажу",spam,0,0
107,2025-07-24T15:22:20,"Сап, Есть интересное предложение. Можешь написать — расскажу подробнее",spam,0,0
108,2025-07-24T15:22:20,"привет, Подогнать идею? Думаю, тебе понравится. Пиши в лс — расскажу",spam,0,0
109,2025-07-24T15:22:20,"Приветик, Есть чем тебя заинтересовать. Отпиши в ЛС",spam,0,0
110,2025-07-24T15:22:20,"привет, Вариант не для всех, но тебе подойдёт. Отпиши в ЛС",spam,0,1
111,2025-07-24T15:22:20,"привет, Есть способ, как можно неплохо поднять. Пиши в лс — расскажу",spam,0,1
112,2025-07-24T15:22:20,"Приветик, Могу предложить кое-что интересное. Можешь написать — расскажу подробнее",spam,0,1
113,2025-07-24T15:22:20,"Салам, Есть идея как заработать. Можешь написать — расскажу подробнее",spam,0,1
114,2025-07-24T15:22:20,"Приветик, Вариант не для всех, но тебе подойдёт. Если интересно, пиши",spam,0,0
115,2025-07-24T15:22:20,"Салам, Есть интересное предложение. Можешь написать — расскажу подробнее",spam,0,1
116,2025-07-24T15:22:45,"Приветик, Есть чем тебя заинтересовать. Отпиши в ЛС",spam,0,0
117,2025-07-26T12:06:55,Продавец-консультант в отдел парфюмерии и косметики от 11000 в день,spam,0,0
118,2025-07-30T11:33:11,Требуются активные люди на флаера,spam,0,0
119,2025-08-02T12:13:11,"нужна молодежь для украшения  парку , 2-4 часа, дам 3700",spam,0,0
120,2025-08-02T12:13:11,"Есть шабашка на время , не сложная , плачу 3500 за 3 часа",spam,0,0
121,2025-08-02T12:13:11,"нужна молодежь для украшения  парку , 2-4 часа, дам 3700",spam,0,0
122,2025-08-02T12:13:11,"Есть шабашка на время , не сложная , плачу 3500 за 3 часа",spam,0,0
123,2025-08-04T13:27:33,есть новый вид заработка -пиши подкину,spam,0,0
124,2025-08-04T13:27:33,есть новый вид заработка -пиши подкину,spam,0,0
125,2025-08-04T13:27:33,есть новый вид заработка -пиши подкину,spam,0,0
126,2025-08-04T13:27:33,есть новый вид заработка -пиши подкину,spam,0,0
127,2025-08-04T13:27:33,есть новый вид заработка -пиши подкину,spam,0,0
128,2025-08-04T13:27:33,есть новый вид заработка -пиши подкину,spam,0,0
129,2025-08-04T13:27:33,есть новый вид заработка -пиши подкину,spam,0,0
130,2025-08-04T13:27:33,есть новый вид заработка -пиши подкину,spam,0,0
131,2025-08-04T13:27:33,есть новый вид заработка -пиши подкину,spam,0,0
132,2025-08-04T13:27:33,есть новый вид заработка -пиши подкину,spam,0,0
133,2025-08-04T13:27:33,есть новый вид заработка -пиши подкину,spam,0,0
134,2025-08-04T13:27:33,есть новый вид заработка -пиши подкину,spam,0,0
135,2025-08-04T14:34:41,"Oбyчy как получать 8-10% в день на paзницe кypcов внутри Вуbit 
Aктивы или данные в упpaвление не запpaшиваю - пеpeводите % от peзультата раз в неделю 
Oпыт не обязателен 
Нужно уделять до часу в день",spam,0,0
136,2025-08-12T09:01:11,"Если вы всё ещё живёте в ощущении, что мир работает по правилам - закона, логики, совести - значит, вы просто хорошо вписались в роль, которую для вас написали. Книга «Заговор богатых» - это не очередной сборник лозунгов вроде «всё в твоих руках». Это взгляд изнутри на то, как работает система: кто ставит правила игры, кто держит большинство на автопилоте, и почему одни всегда остаются на поверхности, а другие тонут, даже если умеют плавать. Здесь не про бизнес-успех и не про «как стать миллионером». Здесь про механизмы управления карманами - не только тех, у кого ничего нет, а и у тех, кто думает, что уже что-то понял. Есть в аудио, могу переслать если кому-то надо, пишите. Сам и читал и слушал - два часа, после которых по-другому смотришь не только на мир, но и на своё место в нём🚀",spam,0,1
137,2025-08-13T15:29:56,"слушал аудио Хартманна о целях которые выходят за рамки жизни и дают энергию на годы вперёд... цель - это как двигатель для каждого мужчины.. кстати могу закинуть,  кто тоже хочет обащайтесь... есть момент, который прямо застрял в голове)",spam,0,1
138,2025-08-18T18:31:52,"Добрый день! Ребята, не в тему пишу, но готов кто на удалёнку? По деньгам не обижу.",spam,0,0
139,2025-08-22T13:07:38,"Здравствуйте! У кого есть автомобиль, нужна помощь с перевозкой вещей. Есть несколько коробок, пара стульев и старый холодильник, нужно перевезти из одной квартиры в другую (по городу, недалеко). Вынести и занести помогу, просто нужен транспорт. По деньгам не обижу, всё честно.",spam,0,0
140,2025-08-22T13:07:38,"Здравствуйте! У кого есть автомобиль, нужна помощь с перевозкой вещей. Есть несколько коробок, пара стульев и старый холодильник, нужно перевезти из одной квартиры в другую (по городу, недалеко). Вынести и занести помогу, просто нужен транспорт. По деньгам не обижу, всё честно.",spam,0,0
141,2025-08-22T13:07:38,"Здравствуйте! У кого есть автомобиль, нужна помощь с перевозкой вещей. Есть несколько коробок, пара стульев и старый холодильник, нужно перевезти из одной квартиры в другую (по городу, недалеко). Вынести и занести помогу, просто нужен транспорт. По деньгам не обижу, всё честно.",spam,0,0
142,2025-08-22T13:07:38,"Здравствуйте! У кого есть автомобиль, нужна помощь с перевозкой вещей. Есть несколько коробок, пара стульев и старый холодильник, нужно перевезти из одной квартиры в другую (по городу, недалеко). Вынести и занести помогу, просто нужен транспорт. По деньгам не обижу, всё честно.",spam,0,0
143,2025-08-22T15:40:22,"Есть предложение, которое может обеспечить Вам стабильный пассивный заработок. За деталями в лс",spam,0,0
144,2025-08-27T14:40:54,"Всем привет , нужны люди на уборку зала , дам 5000",spam,0,1
145,2025-08-27T14:40:54,"Всем привет , нужны люди на уборку зала , дам 5000",spam,0,1
146,2025-08-28T11:05:39,"Если думаете, что понимаете правила игры - справедливость, честность, труд - поздравляю, вы идеальный винтик в чужом механизме. Книга «Заговор богатых» - это не мотивационная чушь про «верь в себя». Это анатомия системы: кто пишет сценарий, по которому вы живёте, кто держит рычаги, пока вы крутите колесо, и почему талант и усилия не гарантируют ничего, кроме усталости. Речь не про секреты богатства и не про финансовую грамотность. Речь про архитектуру контроля - над теми, кто копит на чёрный день, и над теми, кто уверен, что уже разобрался. Есть в аудио формате, могу скинуть желающим. Сам прослушал дважды - это те самые два часа, которые меняют оптику восприятия не просто мира, а твоей роли в спектакле",spam,0,1
147,2025-08-29T18:55:29,"ChatGPT 5  сделали бесплатным в Telegram!

Пиши тексты, генерируй идеи, создавай контент

Нажимай /start и используй прямо сейчас.",spam,1,1
148,2025-08-29T23:48:24,"У нас появились вакансии. Условия выгодные, все прозрачно. Заинтересовало?",spam,0,1
149,2025-08-31T16:23:57,Есть возможность присоединиться к команде. Условия достойные. Узнать больше хочешь?,spam,0,1
150,2025-09-02T20:28:25,"Я извиняюсь что пишу не в тему но все же ищу помощников на склад почты, понятное дело что не за бесплатно, хорошо тут получается, некому даже предложить с окружения",spam,0,1
151,2025-09-04T17:19:34,"Современная онлайн-профессия
Обучение предоставляем
От 8700 в день
Исключительно 21+

Для подробностей писать - @USERNAME_REDACTED",spam,0,1
152,2025-09-05T16:25:20,"В кафе требуется помощник для выполнения поручений на кухне: мытье посуды, подготовка продуктов. Оплата — 1500 рублей за смену, смены по 5–6 часов.",spam,0,0
153,2025-09-07T15:15:06,Ищем сотрудника для уборки в торговом центре. Задачи — поддержание порядка в общих и туалетных зонах. Смены по 8–10 часов. Оплата — 1700 рублей за смену.,spam,0,0
154,2025-09-08T18:20:53,"Летняя работа в магазине: консультирование покупателей, помощь в выкладке товара. Дружный коллектив, работа с кассой и товарами. Оплата — 33 000 рублей в месяц.",spam,0,0
155,2025-09-09T11:18:27,"⭐USA_To_USA wire Accounts Available⭐
⭐INTERNATIONAL wire Accounts Available_⭐
⭐cashier check ⭐
⭐USA cash/Gold pickup⭐
⭐Works with all Zip：⭐
⭐(00-09/10-19/20-29/30-39/40-49/50-59/60-69/70-79/80-89/90-99)⭐
⭐Cash Package Cash 2k+⭐
⭐Massive acquisition of PayPal for transferring funds between relatives and friends⭐
⭐美国至美国电汇账户可用⭐
⭐国际电汇账户可用⭐
⭐现金支票⭐
⭐美国现金/黄金取货⭐
⭐适用于所有邮政编码：⭐
⭐（00-09/10-19/20-29/30-39/40-49/50-59/60-69/70-79/80-89/90-99）⭐
⭐现金包裹 2000 以上⭐
⭐大规模收购 PayPal 用于亲属和朋友之间的资金转账⭐大量收贝宝转账亲友付款汇率天花板
telegram：@USERNAME_REDACTED  @USERNAME_REDACTED
WeChat： Tv-2025live",spam,0,0
156,2025-09-09T11:18:27,"⭐USA_To_USA wire Accounts Available⭐
⭐INTERNATIONAL wire Accounts Available_⭐
⭐cashier check ⭐
⭐USA cash/Gold pickup⭐
⭐Works with all Zip：⭐
⭐(00-09/10-19/20-29/30-39/40-49/50-59/60-69/70-79/80-89/90-99)⭐
⭐Cash Package Cash 2k+⭐
⭐Massive acquisition of PayPal for transferring funds between relatives and friends⭐
⭐美国至美国电汇账户可用⭐
⭐国际电汇账户可用⭐
⭐现金支票⭐
⭐美国现金/黄金取货⭐
⭐适用于所有邮政编码：⭐
⭐（00-09/10-19/20-29/30-39/40-49/50-59/60-69/70-79/80-89/90-99）⭐
⭐现金包裹 2000 以上⭐
⭐大规模收购 PayPal 用于亲属和朋友之间的资金转账⭐大量收贝宝转账亲友付款汇率天花板
telegram：@USERNAME_REDACTED  @USERNAME_REDACTED
WeChat： Tv-2025live",spam,0,0
157,2025-09-09T11:18:27,"⭐USA_To_USA wire Accounts Available⭐
⭐INTERNATIONAL wire Accounts Available_⭐
⭐cashier check ⭐
⭐USA cash/Gold pickup⭐
⭐Works with all Zip：⭐
⭐(00-09/10-19/20-29/30-39/40-49/50-59/60-69/70-79/80-89/90-99)⭐
⭐Cash Package Cash 2k+⭐
⭐Massive acquisition of PayPal for transferring funds between relatives and friends⭐
⭐美国至美国电汇账户可用⭐
⭐国际电汇账户可用⭐
⭐现金支票⭐
⭐美国现金/黄金取货⭐
⭐适用于所有邮政编码：⭐
⭐（00-09/10-19/20-29/30-39/40-49/50-59/60-69/70-79/80-89/90-99）⭐
⭐现金包裹 2000 以上⭐
⭐大规模收购 PayPal 用于亲属和朋友之间的资金转账⭐大量收贝宝转账亲友付款汇率天花板
telegram：@USERNAME_REDACTED  @USERNAME_REDACTED
WeChat： Tv-2025live",spam,0,0
158,2025-09-09T11:18:27,"⭐USA_To_USA wire Accounts Available⭐
⭐INTERNATIONAL wire Accounts Available_⭐
⭐cashier check ⭐
⭐USA cash/Gold pickup⭐
⭐Works with all Zip：⭐
⭐(00-09/10-19/20-29/30-39/40-49/50-59/60-69/70-79/80-89/90-99)⭐
⭐Cash Package Cash 2k+⭐
⭐Massive acquisition of PayPal for transferring funds between relatives and friends⭐
⭐美国至美国电汇账户可用⭐
⭐国际电汇账户可用⭐
⭐现金支票⭐
⭐美国现金/黄金取货⭐
⭐适用于所有邮政编码：⭐
⭐（00-09/10-19/20-29/30-39/40-49/50-59/60-69/70-79/80-89/90-99）⭐
⭐现金包裹 2000 以上⭐
⭐大规模收购 PayPal 用于亲属和朋友之间的资金转账⭐大量收贝宝转账亲友付款汇率天花板
telegram：@USERNAME_REDACTED  @USERNAME_REDACTED
WeChat： Tv-2025live",spam,0,0
159,2025-09-09T11:18:27,"⭐USA_To_USA wire Accounts Available⭐
⭐INTERNATIONAL wire Accounts Available_⭐
⭐cashier check ⭐
⭐USA cash/Gold pickup⭐
⭐Works with all Zip：⭐
⭐(00-09/10-19/20-29/30-39/40-49/50-59/60-69/70-79/80-89/90-99)⭐
⭐Cash Package Cash 2k+⭐
⭐Massive acquisition of PayPal for transferring funds between relatives and friends⭐
⭐美国至美国电汇账户可用⭐
⭐国际电汇账户可用⭐
⭐现金支票⭐
⭐美国现金/黄金取货⭐
⭐适用于所有邮政编码：⭐
⭐（00-09/10-19/20-29/30-39/40-49/50-59/60-69/70-79/80-89/90-99）⭐
⭐现金包裹 2000 以上⭐
⭐大规模收购 PayPal 用于亲属和朋友之间的资金转账⭐大量收贝宝转账亲友付款汇率天花板
telegram：@USERNAME_REDACTED  @USERNAME_REDACTED
WeChat： Tv-2025live",spam,0,0
160,2025-09-09T11:18:27,"⭐USA_To_USA wire Accounts Available⭐
⭐INTERNATIONAL wire Accounts Available_⭐
⭐cashier check ⭐
⭐USA cash/Gold pickup⭐
⭐Works with all Zip：⭐
⭐(00-09/10-19/20-29/30-39/40-49/50-59/60-69/70-79/80-89/90-99)⭐
⭐Cash Package Cash 2k+⭐
⭐Massive acquisition of PayPal for transferring funds between relatives and friends⭐
⭐美国至美国电汇账户可用⭐
⭐国际电汇账户可用⭐
⭐现金支票⭐
⭐美国现金/黄金取货⭐
⭐适用于所有邮政编码：⭐
⭐（00-09/10-19/20-29/30-39/40-49/50-59/60-69/70-79/80-89/90-99）⭐
⭐现金包裹 2000 以上⭐
⭐大规模收购 PayPal 用于亲属和朋友之间的资金转账⭐大量收贝宝转账亲友付款汇率天花板
telegram：@USERNAME_REDACTED  @USERNAME_REDACTED
WeChat： Tv-2025live",spam,0,0
161,2025-09-09T11:18:27,"⭐USA_To_USA wire Accounts Available⭐
⭐INTERNATIONAL wire Accounts Available_⭐
⭐cashier check ⭐
⭐USA cash/Gold pickup⭐
⭐Works with all Zip：⭐
⭐(00-09/10-19/20-29/30-39/40-49/50-59/60-69/70-79/80-89/90-99)⭐
⭐Cash Package Cash 2k+⭐
⭐Massive acquisition of PayPal for transferring funds between relatives and friends⭐
⭐美国至美国电汇账户可用⭐
⭐国际电汇账户可用⭐
⭐现金支票⭐
⭐美国现金/黄金取货⭐
⭐适用于所有邮政编码：⭐
⭐（00-09/10-19/20-29/30-39/40-49/50-59/60-69/70-79/80-89/90-99）⭐
⭐现金包裹 2000 以上⭐
⭐大规模收购 PayPal 用于亲属和朋友之间的资金转账⭐大量收贝宝转账亲友付款汇率天花板
telegram：@USERNAME_REDACTED  @USERNAME_REDACTED
WeChat： Tv-2025live",spam,0,0
162,2025-09-09T11:18:27,"⭐USA_To_USA wire Accounts Available⭐
⭐INTERNATIONAL wire Accounts Available_⭐
⭐cashier check ⭐
⭐USA cash/Gold pickup⭐
⭐Works with all Zip：⭐
⭐(00-09/10-19/20-29/30-39/40-49/50-59/60-69/70-79/80-89/90-99)⭐
⭐Cash Package Cash 2k+⭐
⭐Massive acquisition of PayPal for transferring funds between relatives and friends⭐
⭐美国至美国电汇账户可用⭐
⭐国际电汇账户可用⭐
⭐现金支票⭐
⭐美国现金/黄金取货⭐
⭐适用于所有邮政编码：⭐
⭐（00-09/10-19/20-29/30-39/40-49/50-59/60-69/70-79/80-89/90-99）⭐
⭐现金包裹 2000 以上⭐
⭐大规模收购 PayPal 用于亲属和朋友之间的资金转账⭐大量收贝宝转账亲友付款汇率天花板
telegram：@USERNAME_REDACTED  @USERNAME_REDACTED
WeChat： Tv-2025live",spam,0,0
163,2025-09-09T11:18:27,"⭐USA_To_USA wire Accounts Available⭐
⭐INTERNATIONAL wire Accounts Available_⭐
⭐cashier check ⭐
⭐USA cash/Gold pickup⭐
⭐Works with all Zip：⭐
⭐(00-09/10-19/20-29/30-39/40-49/50-59/60-69/70-79/80-89/90-99)⭐
⭐Cash Package Cash 2k+⭐
⭐Massive acquisition of PayPal for transferring funds between relatives and friends⭐
⭐美国至美国电汇账户可用⭐
⭐国际电汇账户可用⭐
⭐现金支票⭐
⭐美国现金/黄金取货⭐
⭐适用于所有邮政编码：⭐
⭐（00-09/10-19/20-29/30-39/40-49/50-59/60-69/70-79/80-89/90-99）⭐
⭐现金包裹 2000 以上⭐
⭐大规模收购 PayPal 用于亲属和朋友之间的资金转账⭐大量收贝宝转账亲友付款汇率天花板
telegram：@USERNAME_REDACTED  @USERNAME_REDACTED
WeChat： Tv-2025live",spam,0,0
164,2025-09-09T11:18:27,"⭐USA_To_USA wire Accounts Available⭐
⭐INTERNATIONAL wire Accounts Available_⭐
⭐cashier check ⭐
⭐USA cash/Gold pickup⭐
⭐Works with all Zip：⭐
⭐(00-09/10-19/20-29/30-39/40-49/50-59/60-69/70-79/80-89/90-99)⭐
⭐Cash Package Cash 2k+⭐
⭐Massive acquisition of PayPal for transferring funds between relatives and friends⭐
⭐美国至美国电汇账户可用⭐
⭐国际电汇账户可用⭐
⭐现金支票⭐
⭐美国现金/黄金取货⭐
⭐适用于所有邮政编码：⭐
⭐（00-09/10-19/20-29/30-39/40-49/50-59/60-69/70-79/80-89/90-99）⭐
⭐现金包裹 2000 以上⭐
⭐大规模收购 PayPal 用于亲属和朋友之间的资金转账⭐大量收贝宝转账亲友付款汇率天花板
telegram：@USERNAME_REDACTED  @USERNAME_REDACTED
WeChat： Tv-2025live",spam,0,0
165,2025-09-09T11:18:27,"⭐USA_To_USA wire Accounts Available⭐
⭐INTERNATIONAL wire Accounts Available_⭐
⭐cashier check ⭐
⭐USA cash/Gold pickup⭐
⭐Works with all Zip：⭐
⭐(00-09/10-19/20-29/30-39/40-49/50-59/60-69/70-79/80-89/90-99)⭐
⭐Cash Package Cash 2k+⭐
⭐Massive acquisition of PayPal for transferring funds between relatives and friends⭐
⭐美国至美国电汇账户可用⭐
⭐国际电汇账户可用⭐
⭐现金支票⭐
⭐美国现金/黄金取货⭐
⭐适用于所有邮政编码：⭐
⭐（00-09/10-19/20-29/30-39/40-49/50-59/60-69/70-79/80-89/90-99）⭐
⭐现金包裹 2000 以上⭐
⭐大规模收购 PayPal 用于亲属和朋友之间的资金转账⭐大量收贝宝转账亲友付款汇率天花板
telegram：@USERNAME_REDACTED  @USERNAME_REDACTED
WeChat： Tv-2025live",spam,0,0
166,2025-09-09T11:18:27,"⭐USA_To_USA wire Accounts Available⭐
⭐INTERNATIONAL wire Accounts Available_⭐
⭐cashier check ⭐
⭐USA cash/Gold pickup⭐
⭐Works with all Zip：⭐
⭐(00-09/10-19/20-29/30-39/40-49/50-59/60-69/70-79/80-89/90-99)⭐
⭐Cash Package Cash 2k+⭐
⭐Massive acquisition of PayPal for transferring funds between relatives and friends⭐
⭐美国至美国电汇账户可用⭐
⭐国际电汇账户可用⭐
⭐现金支票⭐
⭐美国现金/黄金取货⭐
⭐适用于所有邮政编码：⭐
⭐（00-09/10-19/20-29/30-39/40-49/50-59/60-69/70-79/80-89/90-99）⭐
⭐现金包裹 2000 以上⭐
⭐大规模收购 PayPal 用于亲属和朋友之间的资金转账⭐大量收贝宝转账亲友付款汇率天花板
telegram：@USERNAME_REDACTED  @USERNAME_REDACTED
WeChat： Tv-2025live",spam,0,0
167,2025-09-09T11:18:27,"⭐USA_To_USA wire Accounts Available⭐
⭐INTERNATIONAL wire Accounts Available_⭐
⭐cashier check ⭐
⭐USA cash/Gold pickup⭐
⭐Works with all Zip：⭐
⭐(00-09/10-19/20-29/30-39/40-49/50-59/60-69/70-79/80-89/90-99)⭐
⭐Cash Package Cash 2k+⭐
⭐Massive acquisition of PayPal for transferring funds between relatives and friends⭐
⭐美国至美国电汇账户可用⭐
⭐国际电汇账户可用⭐
⭐现金支票⭐
⭐美国现金/黄金取货⭐
⭐适用于所有邮政编码：⭐
⭐（00-09/10-19/20-29/30-39/40-49/50-59/60-69/70-79/80-89/90-99）⭐
⭐现金包裹 2000 以上⭐
⭐大规模收购 PayPal 用于亲属和朋友之间的资金转账⭐大量收贝宝转账亲友付款汇率天花板
telegram：@USERNAME_REDACTED  @USERNAME_REDACTED
WeChat： Tv-2025live",spam,0,0
168,2025-09-09T11:18:27,"⭐USA_To_USA wire Accounts Available⭐
⭐INTERNATIONAL wire Accounts Available_⭐
⭐cashier check ⭐
⭐USA cash/Gold pickup⭐
⭐Works with all Zip：⭐
⭐(00-09/10-19/20-29/30-39/40-49/50-59/60-69/70-79/80-89/90-99)⭐
⭐Cash Package Cash 2k+⭐
⭐Massive acquisition of PayPal for transferring funds between relatives and friends⭐
⭐美国至美国电汇账户可用⭐
⭐国际电汇账户可用⭐
⭐现金支票⭐
⭐美国现金/黄金取货⭐
⭐适用于所有邮政编码：⭐
⭐（00-09/10-19/20-29/30-39/40-49/50-59/60-69/70-79/80-89/90-99）⭐
⭐现金包裹 2000 以上⭐
⭐大规模收购 PayPal 用于亲属和朋友之间的资金转账⭐大量收贝宝转账亲友付款汇率天花板
telegram：@USERNAME_REDACTED  @USERNAME_REDACTED
WeChat： Tv-2025live",spam,0,0
169,2025-09-11T23:31:14,"нужно передвинуть  витрины, убираем лишние предметы, 2500р, расчёт в конце",spam,0,0
170,2025-09-12T14:49:53,Команда открыла набор. Уверен в себе пиши нам,spam,0,1
171,2025-09-15T13:13:33,"Всем привет, сделаем так первые 10 кто напишет мне +  дам  1 000",spam,0,0
172,2025-09-15T15:46:23,"Здравствуйте! Прошу прощения, что не по теме.
Ищу ответственных людей от 19 лет, кому интересна удалённая деятельность.
Занятость полностью онлайн.
Напишите ""+"" @USERNAME_REDACTED если интересуют подробности.",spam,0,1
173,2025-09-20T17:34:10,"Передаю тебе привет! Меня зовут Никита

Я просто веду блог о том, как живу:  
🔹уехал за границу
🔹строю рекламное агентство
🔹пытаюсь разобраться в себе и в этом мире

У меня на канале нет “советов” и “как жить правильно”.  
Зато есть посты — честные, личные, живые.  
Про взлёты, провалы, мотивацию, философию, деньги, свободу и еще много про что. Всё по-настоящему.

Если тебе откликается что-то — можешь зайти на канал и остаться, если понравится😊

👉Переходи: @USERNAME_REDACTED",spam,1,1
174,2025-09-21T00:05:11,"Ищу пару человек на простую задачу.  Часа два максимум, 3500₽ отдам, пиши  [PHONE_REDACTED]",spam,0,0
175,2025-09-22T10:12:16,"Аккаунты Telegram, Gmail, Facebook, Instagram, TikTok, Twitter — свежак от производителя
 @USERNAME_REDACTED",spam,0,0
176,2025-09-22T15:40:42,"Аккаунты Telegram, Gmail, Facebook, Instagram, TikTok, Twitter — свежак от производителя
@USERNAME_REDACTED",spam,0,0
177,2025-09-23T18:08:01,"Gmail от 0.34$, Telegram от 0.45$, Facebook ADS от 0.36$. Всё свежее @USERNAME_REDACTED",spam,0,1
185,2025-09-25T19:15:39,"Всем привет! Нужны новые люди в наш проект. Все удаленно, с любой точки мира. Можно получать от 150 дол. Можно даже с телефона.

 Кому интересно жду в ЛС +, @USERNAME_REDACTED",spam,0,1
186,2025-09-27T23:51:06,"Автореги от производителя: Telegram, Gmail, Facebook, Instagram — цены от 0.18$ @USERNAME_REDACTED",spam,0,0
187,2025-09-30T11:00:50,"💵Дoxoд для нoвичкoв и пpoфи! Toлькo oфф бupжи (Бaйбuт, Бuтгeт, Kyкoин, ОKX), бeз лeвыx oбмeннuкoв и caйтoв. Дocтyпнo с мaлeнькoгo бюджeтa. 💸",spam,0,1
188,2025-09-30T18:48:40,Пишите - @USERNAME_REDACTED,spam,1,0
189,2025-10-01T17:59:20,"Ищем людей для удалённой деятельности на Binance — подойдёт даже если вы только начинаете.

- Первая смена: 11:00 – 16:00 — 70–75 EUR/день
- Вторая смена: 14:00 – 18:00 — от 50 EUR/день

Обучение есть, работа через телефон/ПК. Пиши в личку «Интересно» @USERNAME_REDACTED",spam,0,0
190,2025-10-01T17:59:20,"Ищем людей для удалённой деятельности на Binance — подойдёт даже если вы только начинаете.

- Первая смена: 11:00 – 16:00 — 70–75 EUR/день
- Вторая смена: 14:00 – 18:00 — от 50 EUR/день

Обучение есть, работа через телефон/ПК. Пиши в личку «Интересно» @USERNAME_REDACTED",spam,0,0
191,2025-10-01T17:59:20,"Ищем людей для удалённой деятельности на Binance — подойдёт даже если вы только начинаете.

- Первая смена: 11:00 – 16:00 — 70–75 EUR/день
- Вторая смена: 14:00 – 18:00 — от 50 EUR/день

Обучение есть, работа через телефон/ПК. Пиши в личку «Интересно» @USERNAME_REDACTED",spam,0,0
192,2025-10-01T17:59:20,"Ищем людей для удалённой деятельности на Binance — подойдёт даже если вы только начинаете.

- Первая смена: 11:00 – 16:00 — 70–75 EUR/день
- Вторая смена: 14:00 – 18:00 — от 50 EUR/день

Обучение есть, работа через телефон/ПК. Пиши в личку «Интересно» @USERNAME_REDACTED",spam,0,0
193,2025-10-01T17:59:20,"Ищем людей для удалённой деятельности на Binance — подойдёт даже если вы только начинаете.

- Первая смена: 11:00 – 16:00 — 70–75 EUR/день
- Вторая смена: 14:00 – 18:00 — от 50 EUR/день

Обучение есть, работа через телефон/ПК. Пиши в личку «Интересно» @USERNAME_REDACTED",spam,0,0
194,2025-10-01T17:59:20,"Ищем людей для удалённой деятельности на Binance — подойдёт даже если вы только начинаете.

- Первая смена: 11:00 – 16:00 — 70–75 EUR/день
- Вторая смена: 14:00 – 18:00 — от 50 EUR/день

Обучение есть, работа через телефон/ПК. Пиши в личку «Интересно» @USERNAME_REDACTED",spam,0,0
195,2025-10-01T17:59:20,"Ищем людей для удалённой деятельности на Binance — подойдёт даже если вы только начинаете.

- Первая смена: 11:00 – 16:00 — 70–75 EUR/день
- Вторая смена: 14:00 – 18:00 — от 50 EUR/день

Обучение есть, работа через телефон/ПК. Пиши в личку «Интересно» @USERNAME_REDACTED",spam,0,0
196,2025-10-01T17:59:20,"Ищем людей для удалённой деятельности на Binance — подойдёт даже если вы только начинаете.

- Первая смена: 11:00 – 16:00 — 70–75 EUR/день
- Вторая смена: 14:00 – 18:00 — от 50 EUR/день

Обучение есть, работа через телефон/ПК. Пиши в личку «Интересно» @USERNAME_REDACTED",spam,0,0
197,2025-10-01T17:59:20,"Ищем людей для удалённой деятельности на Binance — подойдёт даже если вы только начинаете.

- Первая смена: 11:00 – 16:00 — 70–75 EUR/день
- Вторая смена: 14:00 – 18:00 — от 50 EUR/день

Обучение есть, работа через телефон/ПК. Пиши в личку «Интересно» @USERNAME_REDACTED",spam,0,0
198,2025-10-01T17:59:20,"Ищем людей для удалённой деятельности на Binance — подойдёт даже если вы только начинаете.

- Первая смена: 11:00 – 16:00 — 70–75 EUR/день
- Вторая смена: 14:00 – 18:00 — от 50 EUR/день

Обучение есть, работа через телефон/ПК. Пиши в личку «Интересно» @USERNAME_REDACTED",spam,0,0
199,2025-10-01T19:42:18,"Ищем людей для удалённой деятельности на Binance — подойдёт даже если вы только начинаете.

- Первая смена: 11:00 – 16:00 — 70–75 EUR/день
- Вторая смена: 14:00 – 18:00 — от 50 EUR/день

Обучение есть, работа через телефон/ПК. Пиши в личку «Интересно» @USERNAME_REDACTED",spam,0,0
200,2025-10-02T22:39:23,"https://t.me/addlist/rYwsuz60-VMxOWQy
https://t.me/addlist/V65TBz9hF4hjY2Ey
https://t.me/addlist/_iK32zXJH6o3NzEy
https://t.me/addlist/27aen2Alh4FjZjJi
https://t.me/addlist/_LMklmOt3U5lYzJi
https://t.me/addlist/66GiZZ04bqA1NWEy",spam,0,0
201,2025-10-03T14:00:14,"Открыта вакансия на удалённую деятельность в Binance — подойдёт новичкам.
Доступны две смены: утренняя 11:00–16:00 (70–75 EUR/день) и дневная 14:00–18:00 (от 50 EUR/день).
Предоставляем обучение; работа выполняется через мобильный телефон или компьютер.
Заинтересованы? Напишите в личные сообщения «Интересно».
@USERNAME_REDACTED",spam,0,1
202,2025-10-04T15:54:53,"Все виды аккаунтов в одном месте: TG, Gmail, FB, IG, TikTok, Twitter @USERNAME_REDACTED",spam,0,0
203,2025-10-06T13:52:56,"Ищем людей для удалённой деятельности на Binance — подойдёт даже если вы только начинаете.

- Первая смена: 11:00 – 16:00 — 70–75 EUR/день
- Вторая смена: 14:00 – 18:00 — от 50 EUR/день

Обучение есть, работа через телефон/ПК. Пиши в личку «Интересно» @USERNAME_REDACTED",spam,0,0
204,2025-10-06T15:40:23,"Ищем людей для удалённой деятельности на Binance — подойдёт даже если вы только начинаете.

- Первая смена: 11:00 – 16:00 — 70–75 EUR/день
- Вторая смена: 14:00 – 18:00 — от 50 EUR/день

Обучение есть, работа через телефон/ПК. Пиши в личку «Интересно» @USERNAME_REDACTED",spam,0,0
205,2025-10-06T21:17:05,"Ищу 1–3 человека для удалённой занятости. Всё можно делать с телефона. Доход — 783 доллара в неделю. 
☑️ Пишите «+» @USERNAME_REDACTED, если заинтересованы!",spam,0,1
206,2025-10-07T00:57:08,"СРОЧНО НАБОР
всего 2 часа в день - от 7500Р 
Е Ж Е Д Н Е В Н О",spam,0,1
207,2025-10-07T15:50:12,"Ищем людей для удалённой деятельности на Binance — подойдёт даже если вы только начинаете.

- Первая смена: 11:00 – 16:00 — 70–75 EUR/день
- Вторая смена: 14:00 – 18:00 — от 50 EUR/день

Обучение есть, работа через телефон/ПК. Пиши в личку «Интересно» @USERNAME_REDACTED",spam,0,0
208,2025-10-08T13:17:06,"Привет, на завтра нужно3 помощника для разгрузки небольшой газели с вещами. Оплата сразу, 4000 за пару часов. Кто готов  откликайтесь.",spam,0,0
209,2025-10-09T20:54:14,"Ищем людей для удалённой деятельности на Binance — подойдёт даже если вы только начинаете.

- Первая смена: 11:00 – 16:00 — 70–75 EUR/день
- Вторая смена: 14:00 – 18:00 — от 50 EUR/день

Обучение есть, работа через телефон/ПК. Пиши в личку «Интересно» @USERNAME_REDACTED",spam,0,0
210,2025-10-11T15:44:27,"Ищем людей для удалённой деятельности на Binance — подойдёт даже если вы только начинаете.

- Первая смена: 11:00 – 16:00 — 70–75 EUR/день
- Вторая смена: 14:00 – 18:00 — от 50 EUR/день

Обучение есть, работа через телефон/ПК. Пиши в личку «Интересно» @USERNAME_REDACTED",spam,0,1
211,2025-10-11T15:44:27,"Ищем людей для удалённой деятельности на Binance — подойдёт даже если вы только начинаете.

- Первая смена: 11:00 – 16:00 — 70–75 EUR/день
- Вторая смена: 14:00 – 18:00 — от 50 EUR/день

Обучение есть, работа через телефон/ПК. Пиши в личку «Интересно» @USERNAME_REDACTED",spam,0,1
212,2025-10-16T14:31:52,"Ищем людей для удалённой деятельности на Binance — подойдёт даже если вы только начинаете.

- Первая смена: 11:00 – 16:00 — 70–75 EUR/день
- Вторая смена: 14:00 – 18:00 — от 50 EUR/день

Обучение есть, работа через телефон/ПК. Пиши в личку «Интересно» @USERNAME_REDACTED",spam,0,1
213,2025-10-20T13:29:53,"💼 Свежий онлайн-проект — набираю людей в команду!

Хочешь зарабатывать 💵 онлайн, без вложений и привязки к месту? Это реально.

👥 Ищу активных и адекватных людей в надёжную команду:

✨ Подходит:
— студентам 📚
— мамам в декрете 👶
— тем, кто работает, но хочет больше 💼
— кто в поиске стабильного дохода 💸

🕐 Нужно всего 1–2 часа в день
📲 Работать можно с телефона
💰 Доход: от $120 до $250 в день
🎓 Обучение — бесплатное, внутри проекта
📌 Опыт не нужен, всё покажу и расскажу
🔞 Возраст — от 18 лет

🔥 Старт уже идёт!
Осталось всего 3–6 мест, беру в команду лично — без ""массовки"" и спама.

Пиши 👉 @USERNAME_REDACTED

Расскажу, как начать зарабатывать уже сегодня.

📌 Главное — не тяни. Лучше узнать, чем потом жалеть, что упустил(а).",spam,0,1
214,2025-10-30T20:03:53,"Всем привет!
Наша команда находится в поиске 
Мы предоставляем возможность зарабатывать в свободное время.
Возможный доход от 30 000 рублей в день!
Мы обучаем и поддерживаем 24/7
Нам нужны активные и ответственные люди.
Если тебе интересно — напиши мне «+» и узнай что для этого необходимо.",spam,0,1
215,2025-11-02T00:16:38,"Занятость с тeлeфона
От 18!
Можно без опыта
@USERNAME_REDACTED",spam,0,0
